ChainId,Address,Token,RewardAmount,DeductedAmount,RemainingAmount,TxHash
8453,0xe403043A0F9C7B9F315Cf145166EB747D9790E77,0x4200000000000000000000000000000000000006,8017760515750,160355210315,7857405305435,0xb75e14d428d844dd6b65e380a1889fff5efa64a2a9c82f220d735482c9aaa8fc
8453,0xe403043A0F9C7B9F315Cf145166EB747D9790E77,0x4F9Fd6Be4a90f2620860d680c0d4d5Fb53d1A825,5585142242981625,111702844859632,5473439398121993,0xb75e14d428d844dd6b65e380a1889fff5efa64a2a9c82f220d735482c9aaa8fc
8453,0xe403043A0F9C7B9F315Cf145166EB747D9790E77,0x4200000000000000000000000000000000000006,50694184,1013883,49680301,0xad66fe2b69dd88b63243fb6f1a5892d3f330150770b567181627ab0fab914306
8453,0xe403043A0F9C7B9F315Cf145166EB747D9790E77,0x4F9Fd6Be4a90f2620860d680c0d4d5Fb53d1A825,2481718100736929,49634362014738,2432083738722191,0xad66fe2b69dd88b63243fb6f1a5892d3f330150770b567181627ab0fab914306
8453,0xe403043A0F9C7B9F315Cf145166EB747D9790E77,0x4200000000000000000000000000000000000006,1049750429905,20995008598,1028755421307,0xf2d47e02e8c896117e4a0918baade7a5b0aefe1ab6cc9ede9ac710db5323c0a3
8453,0xe403043A0F9C7B9F315Cf145166EB747D9790E77,0x4F9Fd6Be4a90f2620860d680c0d4d5Fb53d1A825,1216792574836898,24335851496737,1192456723340161,0xf2d47e02e8c896117e4a0918baade7a5b0aefe1ab6cc9ede9ac710db5323c0a3
8453,0xe403043A0F9C7B9F315Cf145166EB747D9790E77,0x4200000000000000000000000000000000000006,0,0,0,0xb63e697ea987f5f156bb179c93ff12df7030905826648f7140ef04e67c2ddf63
8453,0xe403043A0F9C7B9F315Cf145166EB747D9790E77,0x4F9Fd6Be4a90f2620860d680c0d4d5Fb53d1A825,0,0,0,0xb63e697ea987f5f156bb179c93ff12df7030905826648f7140ef04e67c2ddf63
8453,0xe403043A0F9C7B9F315Cf145166EB747D9790E77,0x4200000000000000000000000000000000000006,1508204932305,30164098646,1478040833659,0x89b0de3209be2ccc74657a242820580f08dfe837a632a7dc2f37dc27ba830dd6
8453,0xe403043A0F9C7B9F315Cf145166EB747D9790E77,0x4F9Fd6Be4a90f2620860d680c0d4d5Fb53d1A825,85426179530669,1708523590613,83717655940056,0x89b0de3209be2ccc74657a242820580f08dfe837a632a7dc2f37dc27ba830dd6
8453,0xe403043A0F9C7B9F315Cf145166EB747D9790E77,0x4200000000000000000000000000000000000006,96875626763,1937512535,94938114228,0xaf814280136c7ae71191d58f7e4cbfbd19255f859832482e6f8660698cd20345
8453,0xe403043A0F9C7B9F315Cf145166EB747D9790E77,0x4F9Fd6Be4a90f2620860d680c0d4d5Fb53d1A825,18404430483015475,368088609660309,18036341873355166,0xaf814280136c7ae71191d58f7e4cbfbd19255f859832482e6f8660698cd20345
8453,0xe403043A0F9C7B9F315Cf145166EB747D9790E77,0x4200000000000000000000000000000000000006,121282629415,2425652588,118856976827,0x59d23a7030dd0fdb30cb62ffd0b71ef69b653a434cf4f96bdb3b734b77b3c24e
8453,0xe403043A0F9C7B9F315Cf145166EB747D9790E77,0x4F9Fd6Be4a90f2620860d680c0d4d5Fb53d1A825,17855505211595871,357110104231917,17498395107363954,0x59d23a7030dd0fdb30cb62ffd0b71ef69b653a434cf4f96bdb3b734b77b3c24e
8453,0xe403043A0F9C7B9F315Cf145166EB747D9790E77,0x4200000000000000000000000000000000000006,172599083,3451981,169147102,0x38100c58ae5980379adac1883f07070edbf12d6b3adbafaec299a58f554f1d9f
8453,0xe403043A0F9C7B9F315Cf145166EB747D9790E77,0x4F9Fd6Be4a90f2620860d680c0d4d5Fb53d1A825,8002079193292456,160041583865849,7842037609426607,0x38100c58ae5980379adac1883f07070edbf12d6b3adbafaec299a58f554f1d9f
8453,0xe403043A0F9C7B9F315Cf145166EB747D9790E77,0x4200000000000000000000000000000000000006,43013004198,860260083,42152744115,0x19721dce59e91a48db386bd5da6f0488337c5b4aa694f6bcff8199a9994435c0
8453,0xe403043A0F9C7B9F315Cf145166EB747D9790E77,0x4F9Fd6Be4a90f2620860d680c0d4d5Fb53d1A825,11634227449480571,232684548989611,11401542900490960,0x19721dce59e91a48db386bd5da6f0488337c5b4aa694f6bcff8199a9994435c0
8453,0xe403043A0F9C7B9F315Cf145166EB747D9790E77,0x4200000000000000000000000000000000000006,716320231393,14326404627,701993826766,0x754301a5c49df4f1d542426f866d42f285c655a07177f2ac04a6f928eeaa387e
8453,0xe403043A0F9C7B9F315Cf145166EB747D9790E77,0x4F9Fd6Be4a90f2620860d680c0d4d5Fb53d1A825,1358153976502322,27163079530046,1330990896972276,0x754301a5c49df4f1d542426f866d42f285c655a07177f2ac04a6f928eeaa387e
8453,0xe403043A0F9C7B9F315Cf145166EB747D9790E77,0x4200000000000000000000000000000000000006,1154790748271,23095814965,1131694933306,0x03ef553da435e81e82136893ce86530efda298efdfc57d110ec7a6a6a2227c7d
8453,0xe403043A0F9C7B9F315Cf145166EB747D9790E77,0x4F9Fd6Be4a90f2620860d680c0d4d5Fb53d1A825,4721876053094727,94437521061894,4627438532032833,0x03ef553da435e81e82136893ce86530efda298efdfc57d110ec7a6a6a2227c7d
8453,0xe403043A0F9C7B9F315Cf145166EB747D9790E77,0x4200000000000000000000000000000000000006,0,0,0,0x6fa2700f998045b39f04551e19413bd8e54b0329f7874003e741afe00f5e8d97
8453,0xe403043A0F9C7B9F315Cf145166EB747D9790E77,0x4F9Fd6Be4a90f2620860d680c0d4d5Fb53d1A825,7993664561536610,159873291230732,7833791270305878,0x6fa2700f998045b39f04551e19413bd8e54b0329f7874003e741afe00f5e8d97
8453,0xe403043A0F9C7B9F315Cf145166EB747D9790E77,0x4200000000000000000000000000000000000006,0,0,0,0xb5dc51169f5748ac6b58a8b0234b39f724d3696f5e069b1677fef9954e1ca3b3
8453,0xe403043A0F9C7B9F315Cf145166EB747D9790E77,0x4F9Fd6Be4a90f2620860d680c0d4d5Fb53d1A825,9738842613013660,194776852260273,9544065760753387,0xb5dc51169f5748ac6b58a8b0234b39f724d3696f5e069b1677fef9954e1ca3b3
8453,0xe403043A0F9C7B9F315Cf145166EB747D9790E77,0x4200000000000000000000000000000000000006,0,0,0,0x9c781856f789fad7b65449867a9886a2f241cd4d628c99d9b36f87cdc957ae3f
8453,0xe403043A0F9C7B9F315Cf145166EB747D9790E77,0x4F9Fd6Be4a90f2620860d680c0d4d5Fb53d1A825,7752456113098082,155049122261961,7597406990836121,0x9c781856f789fad7b65449867a9886a2f241cd4d628c99d9b36f87cdc957ae3f
8453,0xe403043A0F9C7B9F315Cf145166EB747D9790E77,0x4200000000000000000000000000000000000006,406766382956,8135327659,398631055297,0x7367f95cc4087f065e8db6cd1c4f245c86a1cb71bbaddccab52c1c74b47392d6
8453,0xe403043A0F9C7B9F315Cf145166EB747D9790E77,0x4F9Fd6Be4a90f2620860d680c0d4d5Fb53d1A825,22587437434793390,451748748695867,22135688686097523,0x7367f95cc4087f065e8db6cd1c4f245c86a1cb71bbaddccab52c1c74b47392d6
8453,0xe403043A0F9C7B9F315Cf145166EB747D9790E77,0x4200000000000000000000000000000000000006,1065200570708,21304011414,1043896559294,0x2dfb8e50858c92b80e3ca8a5884f240ddffd8e98cf550333c4f5c9c7da3bfa89
8453,0xe403043A0F9C7B9F315Cf145166EB747D9790E77,0x4F9Fd6Be4a90f2620860d680c0d4d5Fb53d1A825,24480185010514276,489603700210285,23990581310303991,0x2dfb8e50858c92b80e3ca8a5884f240ddffd8e98cf550333c4f5c9c7da3bfa89
8453,0xe403043A0F9C7B9F315Cf145166EB747D9790E77,0x4200000000000000000000000000000000000006,10405526412459,208110528249,10197415884210,0xb5ff4a927fff185c50ff8688e310a780f222cc17bcc89517cb1fd6e0b44892d9
8453,0xe403043A0F9C7B9F315Cf145166EB747D9790E77,0x4F9Fd6Be4a90f2620860d680c0d4d5Fb53d1A825,85496568275365456,1709931365507309,83786636909858147,0xb5ff4a927fff185c50ff8688e310a780f222cc17bcc89517cb1fd6e0b44892d9
8453,0xe403043A0F9C7B9F315Cf145166EB747D9790E77,0x4200000000000000000000000000000000000006,1031374758299,20627495165,1010747263134,0x2ded979a6eb1367a41039d6cf199ca5fcac252b59f0ea774ebbc3dad3e536d58
8453,0xe403043A0F9C7B9F315Cf145166EB747D9790E77,0x4F9Fd6Be4a90f2620860d680c0d4d5Fb53d1A825,0,0,0,0x2ded979a6eb1367a41039d6cf199ca5fcac252b59f0ea774ebbc3dad3e536d58
8453,0xe403043A0F9C7B9F315Cf145166EB747D9790E77,0x4200000000000000000000000000000000000006,956933232554,19138664651,937794567903,0xa372859880f428b7599eb947318d7551788e79bbfc3710ebbcc053840958d631
8453,0xe403043A0F9C7B9F315Cf145166EB747D9790E77,0x4F9Fd6Be4a90f2620860d680c0d4d5Fb53d1A825,3876206943642207,77524138872844,3798682804769363,0xa372859880f428b7599eb947318d7551788e79bbfc3710ebbcc053840958d631
8453,0xe403043A0F9C7B9F315Cf145166EB747D9790E77,0x4200000000000000000000000000000000000006,466596085891,9331921717,457264164174,0x67aa21d6458312f5abfbdc4396beb4d82df619176fe4cf75c91bd929c6cca01d
8453,0xe403043A0F9C7B9F315Cf145166EB747D9790E77,0x4F9Fd6Be4a90f2620860d680c0d4d5Fb53d1A825,0,0,0,0x67aa21d6458312f5abfbdc4396beb4d82df619176fe4cf75c91bd929c6cca01d
8453,0xe403043A0F9C7B9F315Cf145166EB747D9790E77,0x4200000000000000000000000000000000000006,1223033054076,24460661081,1198572392995,0x7bebde9b0f032cc59c2d3cb18ea1cb0438bdd6c80dbdc4a45931f5c49151bf6c
8453,0xe403043A0F9C7B9F315Cf145166EB747D9790E77,0x4F9Fd6Be4a90f2620860d680c0d4d5Fb53d1A825,592071685808554,11841433716171,580230252092383,0x7bebde9b0f032cc59c2d3cb18ea1cb0438bdd6c80dbdc4a45931f5c49151bf6c
8453,0xe403043A0F9C7B9F315Cf145166EB747D9790E77,0x4200000000000000000000000000000000000006,529085463949,10581709278,518503754671,0xd79b6e3a0a2a27e1b37d7d119a86745bc039b47fb1673e547964a34a675c9c1d
8453,0xe403043A0F9C7B9F315Cf145166EB747D9790E77,0x4F9Fd6Be4a90f2620860d680c0d4d5Fb53d1A825,536491539834367,10729830796687,525761709037680,0xd79b6e3a0a2a27e1b37d7d119a86745bc039b47fb1673e547964a34a675c9c1d
8453,0xe403043A0F9C7B9F315Cf145166EB747D9790E77,0x4200000000000000000000000000000000000006,1281591432895,25631828657,1255959604238,0x07db450adf2434a52a50830fa0e5ff453bccd62764b835987c97a85ed53f6280
8453,0xe403043A0F9C7B9F315Cf145166EB747D9790E77,0x4F9Fd6Be4a90f2620860d680c0d4d5Fb53d1A825,24649074350414930,492981487008298,24156092863406632,0x07db450adf2434a52a50830fa0e5ff453bccd62764b835987c97a85ed53f6280
8453,0xe403043A0F9C7B9F315Cf145166EB747D9790E77,0x4200000000000000000000000000000000000006,0,0,0,0x886c59c92682c082402c3085bd81f4d861944084a70aba54f06173225422cdc9
8453,0xe403043A0F9C7B9F315Cf145166EB747D9790E77,0x4F9Fd6Be4a90f2620860d680c0d4d5Fb53d1A825,11072759753586951,221455195071739,10851304558515212,0x886c59c92682c082402c3085bd81f4d861944084a70aba54f06173225422cdc9
8453,0xe403043A0F9C7B9F315Cf145166EB747D9790E77,0x4200000000000000000000000000000000000006,231670190780,4633403815,227036786965,0xfc2e8c02417e589f4f24d2631358f38ffcbd03be8320196b93025fffed9f79ee
8453,0xe403043A0F9C7B9F315Cf145166EB747D9790E77,0x4F9Fd6Be4a90f2620860d680c0d4d5Fb53d1A825,8258005658742292,165160113174845,8092845545567447,0xfc2e8c02417e589f4f24d2631358f38ffcbd03be8320196b93025fffed9f79ee
8453,0xe403043A0F9C7B9F315Cf145166EB747D9790E77,0x4200000000000000000000000000000000000006,116477114321,2329542286,114147572035,0x3aeeb2df34488a8757485370be8a85b09ea027ce8a86f79448fdc1ee0979687c
8453,0xe403043A0F9C7B9F315Cf145166EB747D9790E77,0x4F9Fd6Be4a90f2620860d680c0d4d5Fb53d1A825,28345517659029539,566910353180590,27778607305848949,0x3aeeb2df34488a8757485370be8a85b09ea027ce8a86f79448fdc1ee0979687c
8453,0xe403043A0F9C7B9F315Cf145166EB747D9790E77,0x4200000000000000000000000000000000000006,79644570923739,1592891418474,78051679505265,0xd53b98403c28f317d7ccd92e6eb8edd9f9e737adcebfd1b1251581274ac11fd8
8453,0xe403043A0F9C7B9F315Cf145166EB747D9790E77,0x4F9Fd6Be4a90f2620860d680c0d4d5Fb53d1A825,896840518720593826,17936810374411876,878903708346181950,0xd53b98403c28f317d7ccd92e6eb8edd9f9e737adcebfd1b1251581274ac11fd8
8453,0xe403043A0F9C7B9F315Cf145166EB747D9790E77,0x4200000000000000000000000000000000000006,81078800643,1621576012,79457224631,0x875073e970d21b063ac17d06644b5b579d9d0064612bac872bcb3092d566128b
8453,0xe403043A0F9C7B9F315Cf145166EB747D9790E77,0x4F9Fd6Be4a90f2620860d680c0d4d5Fb53d1A825,9351983731586073,187039674631721,9164944056954352,0x875073e970d21b063ac17d06644b5b579d9d0064612bac872bcb3092d566128b
8453,0xe403043A0F9C7B9F315Cf145166EB747D9790E77,0x4200000000000000000000000000000000000006,458790032222,9175800644,449614231578,0x5a61f0b7e0dd7998bba2881edfe9af5cf78087cc08461de4ee5d8de9061bbc7b
8453,0xe403043A0F9C7B9F315Cf145166EB747D9790E77,0x4F9Fd6Be4a90f2620860d680c0d4d5Fb53d1A825,1138335298731,22766705974,1115568592757,0x5a61f0b7e0dd7998bba2881edfe9af5cf78087cc08461de4ee5d8de9061bbc7b
8453,0xe403043A0F9C7B9F315Cf145166EB747D9790E77,0x4200000000000000000000000000000000000006,2169386520448,43387730408,2125998790040,0x22eba2dfeb1a776a5852def0d5f9cc3443b9a7bada0234b316454230030ad35f
8453,0xe403043A0F9C7B9F315Cf145166EB747D9790E77,0x4F9Fd6Be4a90f2620860d680c0d4d5Fb53d1A825,2446569215318088,48931384306361,2397637831011727,0x22eba2dfeb1a776a5852def0d5f9cc3443b9a7bada0234b316454230030ad35f
8453,0xe403043A0F9C7B9F315Cf145166EB747D9790E77,0x4200000000000000000000000000000000000006,424416690409,8488333808,415928356601,0x8dc0020f6afdbd1847c4bf7ba6d4cdee90515331c2c145b4c952c4a55a827e9e
8453,0xe403043A0F9C7B9F315Cf145166EB747D9790E77,0x4F9Fd6Be4a90f2620860d680c0d4d5Fb53d1A825,0,0,0,0x8dc0020f6afdbd1847c4bf7ba6d4cdee90515331c2c145b4c952c4a55a827e9e
8453,0xe403043A0F9C7B9F315Cf145166EB747D9790E77,0x4200000000000000000000000000000000000006,942067702622,18841354052,923226348570,0x5e50252889eef82d92190113f1827b577d88f0e9edc14dc41a51650364280fbf
8453,0xe403043A0F9C7B9F315Cf145166EB747D9790E77,0x4F9Fd6Be4a90f2620860d680c0d4d5Fb53d1A825,14900046783414192,298000935668283,14602045847745909,0x5e50252889eef82d92190113f1827b577d88f0e9edc14dc41a51650364280fbf
8453,0xe403043A0F9C7B9F315Cf145166EB747D9790E77,0x4200000000000000000000000000000000000006,0,0,0,0xfd645b90d03215a1d0a23bb702d884ddec9dc54c20b3f5554c6fc0108a4ecb70
8453,0xe403043A0F9C7B9F315Cf145166EB747D9790E77,0x4F9Fd6Be4a90f2620860d680c0d4d5Fb53d1A825,4521467476959024,90429349539180,4431038127419844,0xfd645b90d03215a1d0a23bb702d884ddec9dc54c20b3f5554c6fc0108a4ecb70
8453,0xe403043A0F9C7B9F315Cf145166EB747D9790E77,0x4200000000000000000000000000000000000006,453807010240,9076140204,444730870036,0x887b67112d324f71524dc519bc1c6e8486ae01bc8e9864260d5a8de9b924f399
8453,0xe403043A0F9C7B9F315Cf145166EB747D9790E77,0x4F9Fd6Be4a90f2620860d680c0d4d5Fb53d1A825,918654081305707,18373081626114,900280999679593,0x887b67112d324f71524dc519bc1c6e8486ae01bc8e9864260d5a8de9b924f399
8453,0xe403043A0F9C7B9F315Cf145166EB747D9790E77,0x4200000000000000000000000000000000000006,367001310072,7340026201,359661283871,0x38466c9846345863d9cf02dbee15a1bbb31db0970587ce292eb4d7ea82428e4e
8453,0xe403043A0F9C7B9F315Cf145166EB747D9790E77,0x4F9Fd6Be4a90f2620860d680c0d4d5Fb53d1A825,10815524895731569,216310497914631,10599214397816938,0x38466c9846345863d9cf02dbee15a1bbb31db0970587ce292eb4d7ea82428e4e
8453,0xe403043A0F9C7B9F315Cf145166EB747D9790E77,0x4200000000000000000000000000000000000006,590617218126,11812344362,578804873764,0x873622548eb6f88538b13a51a57cef063c30fa558df8e29bd1dc1908321e28f3
8453,0xe403043A0F9C7B9F315Cf145166EB747D9790E77,0x4F9Fd6Be4a90f2620860d680c0d4d5Fb53d1A825,20679062252810942,413581245056218,20265481007754724,0x873622548eb6f88538b13a51a57cef063c30fa558df8e29bd1dc1908321e28f3
8453,0xe403043A0F9C7B9F315Cf145166EB747D9790E77,0x4200000000000000000000000000000000000006,420567090267,8411341805,412155748462,0x71808cbfd527725526ec109c2d8c9c0db9aa3768c45b76ad62d246228a2621cf
8453,0xe403043A0F9C7B9F315Cf145166EB747D9790E77,0x4F9Fd6Be4a90f2620860d680c0d4d5Fb53d1A825,383896062863,7677921257,376218141606,0x71808cbfd527725526ec109c2d8c9c0db9aa3768c45b76ad62d246228a2621cf
8453,0xe403043A0F9C7B9F315Cf145166EB747D9790E77,0x4200000000000000000000000000000000000006,364610390991,7292207819,357318183172,0x90c093e63e1313b77f5b8f757484e17ced2b5d5d6686d697dbba8d461a0cbfd7
8453,0xe403043A0F9C7B9F315Cf145166EB747D9790E77,0x4F9Fd6Be4a90f2620860d680c0d4d5Fb53d1A825,0,0,0,0x90c093e63e1313b77f5b8f757484e17ced2b5d5d6686d697dbba8d461a0cbfd7
8453,0xe403043A0F9C7B9F315Cf145166EB747D9790E77,0x4200000000000000000000000000000000000006,1115634417335,22312688346,1093321728989,0x597c13dd83afd29d810517b73cd813e0cd358ed48eb2664378589ae6df96a266
8453,0xe403043A0F9C7B9F315Cf145166EB747D9790E77,0x4F9Fd6Be4a90f2620860d680c0d4d5Fb53d1A825,244530431400,4890608628,239639822772,0x597c13dd83afd29d810517b73cd813e0cd358ed48eb2664378589ae6df96a266
8453,0xe403043A0F9C7B9F315Cf145166EB747D9790E77,0x4200000000000000000000000000000000000006,446384210902,8927684218,437456526684,0x431938e412dd057e27341987b9d38768a595316287a158deda9f1f722111b53b
8453,0xe403043A0F9C7B9F315Cf145166EB747D9790E77,0x4F9Fd6Be4a90f2620860d680c0d4d5Fb53d1A825,1498120247704791,29962404954095,1468157842750696,0x431938e412dd057e27341987b9d38768a595316287a158deda9f1f722111b53b
8453,0xe403043A0F9C7B9F315Cf145166EB747D9790E77,0x4200000000000000000000000000000000000006,348661490253,6973229805,341688260448,0x55ea8f2e8f1ffc625ce70b11a449ee78b16558a96a5bf9a6782ddc12af490137
8453,0xe403043A0F9C7B9F315Cf145166EB747D9790E77,0x4F9Fd6Be4a90f2620860d680c0d4d5Fb53d1A825,55189238579802,1103784771596,54085453808206,0x55ea8f2e8f1ffc625ce70b11a449ee78b16558a96a5bf9a6782ddc12af490137
8453,0xe403043A0F9C7B9F315Cf145166EB747D9790E77,0x4200000000000000000000000000000000000006,305606571225,6112131424,299494439801,0x5f4ba9cc3d9af660bad718094ac4bcc2f6f9eb4835adc1a144ceec9ab24c1215
8453,0xe403043A0F9C7B9F315Cf145166EB747D9790E77,0x4F9Fd6Be4a90f2620860d680c0d4d5Fb53d1A825,0,0,0,0x5f4ba9cc3d9af660bad718094ac4bcc2f6f9eb4835adc1a144ceec9ab24c1215
8453,0xe403043A0F9C7B9F315Cf145166EB747D9790E77,0x4200000000000000000000000000000000000006,373854545521,7477090910,366377454611,0xc8ca36bde414558688fe56e17363406116458f9b1df6b2eb624f2c156eb29baa
8453,0xe403043A0F9C7B9F315Cf145166EB747D9790E77,0x4F9Fd6Be4a90f2620860d680c0d4d5Fb53d1A825,1248420765,24968415,1223452350,0xc8ca36bde414558688fe56e17363406116458f9b1df6b2eb624f2c156eb29baa
8453,0xe403043A0F9C7B9F315Cf145166EB747D9790E77,0x4200000000000000000000000000000000000006,450225717606,9004514352,441221203254,0xee5d1dc6e7c805b6b646a6a286862c2e97d41da4d6e6a72b4e3b0348efa1b6b2
8453,0xe403043A0F9C7B9F315Cf145166EB747D9790E77,0x4F9Fd6Be4a90f2620860d680c0d4d5Fb53d1A825,6434843069143,128696861382,6306146207761,0xee5d1dc6e7c805b6b646a6a286862c2e97d41da4d6e6a72b4e3b0348efa1b6b2
8453,0xe403043A0F9C7B9F315Cf145166EB747D9790E77,0x4200000000000000000000000000000000000006,231619178,4632383,226986795,0x0da8bbb210dea9667a7a8db4d4a6858efea8b6037fe1e3cc7bc59d21c7433a44
8453,0xe403043A0F9C7B9F315Cf145166EB747D9790E77,0x4F9Fd6Be4a90f2620860d680c0d4d5Fb53d1A825,3793134229833789,75862684596675,3717271545237114,0x0da8bbb210dea9667a7a8db4d4a6858efea8b6037fe1e3cc7bc59d21c7433a44
8453,0xe403043A0F9C7B9F315Cf145166EB747D9790E77,0x4200000000000000000000000000000000000006,607442669,12148853,595293816,0x887ef7b0f3ddf581e3e411a8f60fb815083b5d8c483cd61c23075b3c26b4b0c5
8453,0xe403043A0F9C7B9F315Cf145166EB747D9790E77,0x4F9Fd6Be4a90f2620860d680c0d4d5Fb53d1A825,3602217726225607,72044354524512,3530173371701095,0x887ef7b0f3ddf581e3e411a8f60fb815083b5d8c483cd61c23075b3c26b4b0c5
8453,0xe403043A0F9C7B9F315Cf145166EB747D9790E77,0x4200000000000000000000000000000000000006,1714133393,34282667,1679850726,0xad16009d5489cbde8e0fdbced4f619ee081a8d6ae78be3a8789e1f9f2232cac3
8453,0xe403043A0F9C7B9F315Cf145166EB747D9790E77,0x4F9Fd6Be4a90f2620860d680c0d4d5Fb53d1A825,3923688662712123,78473773254242,3845214889457881,0xad16009d5489cbde8e0fdbced4f619ee081a8d6ae78be3a8789e1f9f2232cac3
8453,0xe403043A0F9C7B9F315Cf145166EB747D9790E77,0x4200000000000000000000000000000000000006,380297043449,7605940868,372691102581,0x788b607e3458da36986177e9e3c2a4eaa779ed289886534e12983da65c6c15ad
8453,0xe403043A0F9C7B9F315Cf145166EB747D9790E77,0x4F9Fd6Be4a90f2620860d680c0d4d5Fb53d1A825,632015127093910,12640302541878,619374824552032,0x788b607e3458da36986177e9e3c2a4eaa779ed289886534e12983da65c6c15ad
8453,0xe403043A0F9C7B9F315Cf145166EB747D9790E77,0x4200000000000000000000000000000000000006,297212234052,5944244681,291267989371,0x3ed8ed5dfbb54484bd2f708556f03e74102757f4f657984d990c5d1d9432dbe6
8453,0xe403043A0F9C7B9F315Cf145166EB747D9790E77,0x4F9Fd6Be4a90f2620860d680c0d4d5Fb53d1A825,0,0,0,0x3ed8ed5dfbb54484bd2f708556f03e74102757f4f657984d990c5d1d9432dbe6
8453,0xe403043A0F9C7B9F315Cf145166EB747D9790E77,0x4200000000000000000000000000000000000006,393342677949,7866853558,385475824391,0x02170d83bfbe9d1a63bfb0bfac21d99c4dd63316b6cf01b117a48c104e89c1dc
8453,0xe403043A0F9C7B9F315Cf145166EB747D9790E77,0x4F9Fd6Be4a90f2620860d680c0d4d5Fb53d1A825,30579948595566,611598971911,29968349623655,0x02170d83bfbe9d1a63bfb0bfac21d99c4dd63316b6cf01b117a48c104e89c1dc
8453,0xe403043A0F9C7B9F315Cf145166EB747D9790E77,0x4200000000000000000000000000000000000006,379583687685,7591673753,371992013932,0xb668cacffae0f776cbb3804fc187cf4753c19d15b085760625701cefb53d5a07
8453,0xe403043A0F9C7B9F315Cf145166EB747D9790E77,0x4F9Fd6Be4a90f2620860d680c0d4d5Fb53d1A825,39715845020064,794316900401,38921528119663,0xb668cacffae0f776cbb3804fc187cf4753c19d15b085760625701cefb53d5a07
8453,0xe403043A0F9C7B9F315Cf145166EB747D9790E77,0x4200000000000000000000000000000000000006,311186368324,6223727366,304962640958,0xd3e65aa668d5bd22774edb3168c4f000db20a5b7f5809e30631e850eaea9cf41
8453,0xe403043A0F9C7B9F315Cf145166EB747D9790E77,0x4F9Fd6Be4a90f2620860d680c0d4d5Fb53d1A825,0,0,0,0xd3e65aa668d5bd22774edb3168c4f000db20a5b7f5809e30631e850eaea9cf41
8453,0xe403043A0F9C7B9F315Cf145166EB747D9790E77,0x4200000000000000000000000000000000000006,236114277173,4722285543,231391991630,0x06f0637a7743d2348679d22e519accb075bc9a9451a8606d7087132bc3895914
8453,0xe403043A0F9C7B9F315Cf145166EB747D9790E77,0x4F9Fd6Be4a90f2620860d680c0d4d5Fb53d1A825,6243480721957263,124869614439145,6118611107518118,0x06f0637a7743d2348679d22e519accb075bc9a9451a8606d7087132bc3895914
8453,0xe403043A0F9C7B9F315Cf145166EB747D9790E77,0x4200000000000000000000000000000000000006,248330979782,4966619595,243364360187,0x942cff4862ca866fdf2881725892139a3208a7f274d830408670f6fc49da65e6
8453,0xe403043A0F9C7B9F315Cf145166EB747D9790E77,0x4F9Fd6Be4a90f2620860d680c0d4d5Fb53d1A825,5948770100394127,118975402007882,5829794698386245,0x942cff4862ca866fdf2881725892139a3208a7f274d830408670f6fc49da65e6
8453,0xe403043A0F9C7B9F315Cf145166EB747D9790E77,0x4200000000000000000000000000000000000006,453079910993,9061598219,444018312774,0x6afbcccc6e971c87244dc2a593c701ca857daced60619e86e94add96bf760fb0
8453,0xe403043A0F9C7B9F315Cf145166EB747D9790E77,0x4F9Fd6Be4a90f2620860d680c0d4d5Fb53d1A825,7329378576088378,146587571521767,7182791004566611,0x6afbcccc6e971c87244dc2a593c701ca857daced60619e86e94add96bf760fb0
8453,0xe403043A0F9C7B9F315Cf145166EB747D9790E77,0x4200000000000000000000000000000000000006,0,0,0,0x4b1deda5f3a583524521e1b331e09675e3afb77c8cde5159ce85bfb4b19489fa
8453,0xe403043A0F9C7B9F315Cf145166EB747D9790E77,0x4F9Fd6Be4a90f2620860d680c0d4d5Fb53d1A825,2832770937521311,56655418750426,2776115518770885,0x4b1deda5f3a583524521e1b331e09675e3afb77c8cde5159ce85bfb4b19489fa
8453,0xe403043A0F9C7B9F315Cf145166EB747D9790E77,0x4200000000000000000000000000000000000006,1760876910,35217538,1725659372,0xbb824a1b909b7774088b428fa133003930cba0500f68cde96d21d0039c4fa077
8453,0xe403043A0F9C7B9F315Cf145166EB747D9790E77,0x4F9Fd6Be4a90f2620860d680c0d4d5Fb53d1A825,3838011688365612,76760233767312,3761251454598300,0xbb824a1b909b7774088b428fa133003930cba0500f68cde96d21d0039c4fa077
8453,0xe403043A0F9C7B9F315Cf145166EB747D9790E77,0x4200000000000000000000000000000000000006,562517343862,11250346877,551266996985,0xf8a4149b513355aff63398c32341b096dbd6b2e199cdbfb9099a6384d073726f
8453,0xe403043A0F9C7B9F315Cf145166EB747D9790E77,0x4F9Fd6Be4a90f2620860d680c0d4d5Fb53d1A825,1208408404351,24168168087,1184240236264,0xf8a4149b513355aff63398c32341b096dbd6b2e199cdbfb9099a6384d073726f
8453,0xdb7CC6EDCaD37AdBE3149948B17bf4b492A16a38,0x4200000000000000000000000000000000000006,73929879989558,1478597599791,72451282389767,0x916edd8945274beeb6fb866db48cdf865a17f09a61a8253c9ff50ec1fb820fb1
8453,0xdb7CC6EDCaD37AdBE3149948B17bf4b492A16a38,0x833589fCD6eDb6E08f4c7C32D4f71b54bdA02913,268652,5373,263279,0x916edd8945274beeb6fb866db48cdf865a17f09a61a8253c9ff50ec1fb820fb1
8453,0xe403043A0F9C7B9F315Cf145166EB747D9790E77,0x4200000000000000000000000000000000000006,4860773024,97215460,4763557564,0x0f66ea4f613ebb5ada36063b9513f22c0d6f306d59a8f8ffd8627d037fe3ab7b
8453,0xe403043A0F9C7B9F315Cf145166EB747D9790E77,0x4F9Fd6Be4a90f2620860d680c0d4d5Fb53d1A825,4099182996584347,81983659931686,4017199336652661,0x0f66ea4f613ebb5ada36063b9513f22c0d6f306d59a8f8ffd8627d037fe3ab7b
8453,0xe403043A0F9C7B9F315Cf145166EB747D9790E77,0x4200000000000000000000000000000000000006,7659234604,153184692,7506049912,0x302a22c57ca0acfac9a13c8134671c6a1d866afff3362943bf68da3d18262f3c
8453,0xe403043A0F9C7B9F315Cf145166EB747D9790E77,0x4F9Fd6Be4a90f2620860d680c0d4d5Fb53d1A825,3092830984841893,61856619696837,3030974365145056,0x302a22c57ca0acfac9a13c8134671c6a1d866afff3362943bf68da3d18262f3c
8453,0xe403043A0F9C7B9F315Cf145166EB747D9790E77,0x4200000000000000000000000000000000000006,1164603488,23292069,1141311419,0x166e926f23351fc1c51113311826c84937aaa4af4b7bf772ca9cb6ab50918083
8453,0xe403043A0F9C7B9F315Cf145166EB747D9790E77,0x4F9Fd6Be4a90f2620860d680c0d4d5Fb53d1A825,4096933436235196,81938668724703,4014994767510493,0x166e926f23351fc1c51113311826c84937aaa4af4b7bf772ca9cb6ab50918083
8453,0x70880B2482fE09C684C7ab51925D9Ee4e63C7eE9,0x4200000000000000000000000000000000000006,53309473260357774,1066189465207155,52243283795150619,0xe3ffc6f6544eb0a75960571522cfc29367ba876cfd2b4bacba474950eb65535b
8453,0x70880B2482fE09C684C7ab51925D9Ee4e63C7eE9,0x833589fCD6eDb6E08f4c7C32D4f71b54bdA02913,164819604,3296392,161523212,0xe3ffc6f6544eb0a75960571522cfc29367ba876cfd2b4bacba474950eb65535b
8453,0xe403043A0F9C7B9F315Cf145166EB747D9790E77,0x4200000000000000000000000000000000000006,476230776,9524615,466706161,0x9d7e9144db22023fd6dbf99e526fc19efc22676d7e778160851e8cb4e141d35d
8453,0xe403043A0F9C7B9F315Cf145166EB747D9790E77,0x4F9Fd6Be4a90f2620860d680c0d4d5Fb53d1A825,2471719012565944,49434380251318,2422284632314626,0x9d7e9144db22023fd6dbf99e526fc19efc22676d7e778160851e8cb4e141d35d
8453,0xe403043A0F9C7B9F315Cf145166EB747D9790E77,0x4200000000000000000000000000000000000006,0,0,0,0x6c19aa102294ce962fe0c5fa3890ae63d906a6dc560319767c54ea54c1aa8e60
8453,0xe403043A0F9C7B9F315Cf145166EB747D9790E77,0x4F9Fd6Be4a90f2620860d680c0d4d5Fb53d1A825,2544895032762089,50897900655241,2493997132106848,0x6c19aa102294ce962fe0c5fa3890ae63d906a6dc560319767c54ea54c1aa8e60
8453,0xe403043A0F9C7B9F315Cf145166EB747D9790E77,0x4200000000000000000000000000000000000006,3196613808,63932276,3132681532,0x8c1f3750af2923d585e5718d22f5e021f957740b6ffa0613276aa1f002aef2bf
8453,0xe403043A0F9C7B9F315Cf145166EB747D9790E77,0x4F9Fd6Be4a90f2620860d680c0d4d5Fb53d1A825,3863057352914985,77261147058299,3785796205856686,0x8c1f3750af2923d585e5718d22f5e021f957740b6ffa0613276aa1f002aef2bf
8453,0xe403043A0F9C7B9F315Cf145166EB747D9790E77,0x4200000000000000000000000000000000000006,241574697917,4831493958,236743203959,0x09e4d8f3fcb15e1c58815b9bf560fbac3cd47a384dc90942ad514ea8e365862b
8453,0xe403043A0F9C7B9F315Cf145166EB747D9790E77,0x4F9Fd6Be4a90f2620860d680c0d4d5Fb53d1A825,636174918072803,12723498361456,623451419711347,0x09e4d8f3fcb15e1c58815b9bf560fbac3cd47a384dc90942ad514ea8e365862b
8453,0xe403043A0F9C7B9F315Cf145166EB747D9790E77,0x4200000000000000000000000000000000000006,235131530428,4702630608,230428899820,0xc4c5373494aa3062d333c39fea7a281b75ae59b141aa91036253ef818dc91a43
8453,0xe403043A0F9C7B9F315Cf145166EB747D9790E77,0x4F9Fd6Be4a90f2620860d680c0d4d5Fb53d1A825,0,0,0,0xc4c5373494aa3062d333c39fea7a281b75ae59b141aa91036253ef818dc91a43
8453,0xe403043A0F9C7B9F315Cf145166EB747D9790E77,0x4200000000000000000000000000000000000006,221551788982,4431035779,217120753203,0x2737ffb3a2bb178793249160b791b098282c8be3065dc3f66d4d8e9d145504ee
8453,0xe403043A0F9C7B9F315Cf145166EB747D9790E77,0x4F9Fd6Be4a90f2620860d680c0d4d5Fb53d1A825,0,0,0,0x2737ffb3a2bb178793249160b791b098282c8be3065dc3f66d4d8e9d145504ee
8453,0xe403043A0F9C7B9F315Cf145166EB747D9790E77,0x4200000000000000000000000000000000000006,193235769553,3864715391,189371054162,0x0471f1d4470ba3e770d69840ff4981593c352b4421097b4c47d9c961fa60cb90
8453,0xe403043A0F9C7B9F315Cf145166EB747D9790E77,0x4F9Fd6Be4a90f2620860d680c0d4d5Fb53d1A825,11027336939316,220546738786,10806790200530,0x0471f1d4470ba3e770d69840ff4981593c352b4421097b4c47d9c961fa60cb90
8453,0xe403043A0F9C7B9F315Cf145166EB747D9790E77,0x4200000000000000000000000000000000000006,147699241269,2953984825,144745256444,0x51ebf91cafab97af5cd1c561e956a0d50f95ed71de827a17ac2325c38c8d79e6
8453,0xe403043A0F9C7B9F315Cf145166EB747D9790E77,0x4F9Fd6Be4a90f2620860d680c0d4d5Fb53d1A825,4695846390755307,93916927815106,4601929462940201,0x51ebf91cafab97af5cd1c561e956a0d50f95ed71de827a17ac2325c38c8d79e6
8453,0xb6e7233Aa62F3198ecbc5EcEC3337Ef6d4c5Af0f,0x4200000000000000000000000000000000000006,424798722715971,8495974454319,416302748261652,0x5af5eb307cd10f092b93f6f89765dc911b1d9c5da726afd8bc3728ed9b337c19
8453,0xb6e7233Aa62F3198ecbc5EcEC3337Ef6d4c5Af0f,0xeeC468333ccc16D4BF1cEf497A56cf8C0aAe4Ca3,74175465768381998864,1483509315367640008,72691956453014358856,0x5af5eb307cd10f092b93f6f89765dc911b1d9c5da726afd8bc3728ed9b337c19
8453,0xe403043A0F9C7B9F315Cf145166EB747D9790E77,0x4200000000000000000000000000000000000006,176873285390,3537465707,173335819683,0xa595b08413eebf8fd4631b02feadacd20cfa2bda61c5cc3f3c064f0fa117d286
8453,0xe403043A0F9C7B9F315Cf145166EB747D9790E77,0x4F9Fd6Be4a90f2620860d680c0d4d5Fb53d1A825,625317978198,12506359563,612811618635,0xa595b08413eebf8fd4631b02feadacd20cfa2bda61c5cc3f3c064f0fa117d286
8453,0xe403043A0F9C7B9F315Cf145166EB747D9790E77,0x4200000000000000000000000000000000000006,88803582235,1776071644,87027510591,0x38a885bbef22ac3f36e8b523bb01971cfdb11ecbb1b102937bb964857c47acb2
8453,0xe403043A0F9C7B9F315Cf145166EB747D9790E77,0x4F9Fd6Be4a90f2620860d680c0d4d5Fb53d1A825,3078826110344029,61576522206880,3017249588137149,0x38a885bbef22ac3f36e8b523bb01971cfdb11ecbb1b102937bb964857c47acb2
8453,0xe403043A0F9C7B9F315Cf145166EB747D9790E77,0x4200000000000000000000000000000000000006,270467883757,5409357675,265058526082,0x7493769e3b92281da8b023835a174e018bd52e8af82ecd4d19063c53fe7573d8
8453,0xe403043A0F9C7B9F315Cf145166EB747D9790E77,0x4F9Fd6Be4a90f2620860d680c0d4d5Fb53d1A825,372146333779602,7442926675592,364703407104010,0x7493769e3b92281da8b023835a174e018bd52e8af82ecd4d19063c53fe7573d8
8453,0xe403043A0F9C7B9F315Cf145166EB747D9790E77,0x4200000000000000000000000000000000000006,55579466370,1111589327,54467877043,0x66e255b1ae9fcc5f3bf0c083a81e4e87dbeb2f64c32b2fe215a278d96ec2afde
8453,0xe403043A0F9C7B9F315Cf145166EB747D9790E77,0x4F9Fd6Be4a90f2620860d680c0d4d5Fb53d1A825,2362162710734030,47243254214680,2314919456519350,0x66e255b1ae9fcc5f3bf0c083a81e4e87dbeb2f64c32b2fe215a278d96ec2afde
8453,0xe403043A0F9C7B9F315Cf145166EB747D9790E77,0x4200000000000000000000000000000000000006,162838526761,3256770535,159581756226,0x5b4c7b47da0db07a12a6340496b96a9ee55d068c6100605f2e1bd1e73f3173c4
8453,0xe403043A0F9C7B9F315Cf145166EB747D9790E77,0x4F9Fd6Be4a90f2620860d680c0d4d5Fb53d1A825,305515883966,6110317679,299405566287,0x5b4c7b47da0db07a12a6340496b96a9ee55d068c6100605f2e1bd1e73f3173c4
8453,0xe403043A0F9C7B9F315Cf145166EB747D9790E77,0x4200000000000000000000000000000000000006,138375353554,2767507071,135607846483,0x824385c3fff0a5d6c0c21fb54dc9b29d49cebe2b324520fab503ab42b3674576
8453,0xe403043A0F9C7B9F315Cf145166EB747D9790E77,0x4F9Fd6Be4a90f2620860d680c0d4d5Fb53d1A825,3313846446053015,66276928921060,3247569517131955,0x824385c3fff0a5d6c0c21fb54dc9b29d49cebe2b324520fab503ab42b3674576
8453,0xe403043A0F9C7B9F315Cf145166EB747D9790E77,0x4200000000000000000000000000000000000006,648687572508,12973751450,635713821058,0x7d8045ed2d4114bdf7f68d3b27dba7f256d6a5599697177653b26317fde7dd17
8453,0xe403043A0F9C7B9F315Cf145166EB747D9790E77,0x4F9Fd6Be4a90f2620860d680c0d4d5Fb53d1A825,1845607449783611,36912148995672,1808695300787939,0x7d8045ed2d4114bdf7f68d3b27dba7f256d6a5599697177653b26317fde7dd17
8453,0xe403043A0F9C7B9F315Cf145166EB747D9790E77,0x4200000000000000000000000000000000000006,182851886928,3657037738,179194849190,0x855809b4db3db4aaf806de10e6cbb74cdd0ff627cae8c3eb7175579da0c24228
8453,0xe403043A0F9C7B9F315Cf145166EB747D9790E77,0x4F9Fd6Be4a90f2620860d680c0d4d5Fb53d1A825,162604009701,3252080194,159351929507,0x855809b4db3db4aaf806de10e6cbb74cdd0ff627cae8c3eb7175579da0c24228
8453,0xAeC539A116fa75E8BdcF016D3C146a25bC1af93b,0x4200000000000000000000000000000000000006,331775225125381,6635504502507,325139720622874,0x7d502076eb34b5c7967a27483828af1dea9810aa3ecd56c2cfc8ee8f09b6973c
8453,0xAeC539A116fa75E8BdcF016D3C146a25bC1af93b,0x731814e491571A2e9eE3c5b1F7f3b962eE8f4870,5012379513212475718,100247590264249516,4912131922948226202,0x7d502076eb34b5c7967a27483828af1dea9810aa3ecd56c2cfc8ee8f09b6973c
8453,0xAeC539A116fa75E8BdcF016D3C146a25bC1af93b,0x20ef84969f6d81Ff74AE4591c331858b20AD82CD,950161087532853105537,19003221750657062506,931157865782196043031,0x9388a7785576853c2bb83d9d3710d09e94c84c9197b802cf02ea4308922959ea
8453,0xAeC539A116fa75E8BdcF016D3C146a25bC1af93b,0x4200000000000000000000000000000000000006,2148115164470797,42962303289415,2105152861181382,0x9388a7785576853c2bb83d9d3710d09e94c84c9197b802cf02ea4308922959ea
8453,0xe403043A0F9C7B9F315Cf145166EB747D9790E77,0x4200000000000000000000000000000000000006,441252170,8825043,432427127,0x6ea3bcf709696a4a67f71a319ec4dcdd61ab012f60563f1038b4ebbf0ddef38e
8453,0xe403043A0F9C7B9F315Cf145166EB747D9790E77,0x4F9Fd6Be4a90f2620860d680c0d4d5Fb53d1A825,1421861676336748,28437233526734,1393424442810014,0x6ea3bcf709696a4a67f71a319ec4dcdd61ab012f60563f1038b4ebbf0ddef38e
8453,0xe403043A0F9C7B9F315Cf145166EB747D9790E77,0x4200000000000000000000000000000000000006,206694034989,4133880699,202560154290,0x5f91f3e763ee7b87535def0afd024d51ccdaebfc9d60f7e8174fd28bae240058
8453,0xe403043A0F9C7B9F315Cf145166EB747D9790E77,0x4F9Fd6Be4a90f2620860d680c0d4d5Fb53d1A825,714255468399361,14285109367987,699970359031374,0x5f91f3e763ee7b87535def0afd024d51ccdaebfc9d60f7e8174fd28bae240058
8453,0xAeC539A116fa75E8BdcF016D3C146a25bC1af93b,0x4200000000000000000000000000000000000006,398052708976184,7961054179523,390091654796661,0x5f0b64003c087378c2b2692d46cac29c80adfabffaaf267b20562dd0ac53d523
8453,0xAeC539A116fa75E8BdcF016D3C146a25bC1af93b,0x731814e491571A2e9eE3c5b1F7f3b962eE8f4870,7553692191838950768,151073843836779018,7402618348002171750,0x5f0b64003c087378c2b2692d46cac29c80adfabffaaf267b20562dd0ac53d523
8453,0xAeC539A116fa75E8BdcF016D3C146a25bC1af93b,0x4200000000000000000000000000000000000006,405083580803589,8101671616071,396981909187518,0x1a7552cab78f0ef7097d6d154ad3b689966366aa448b4f0ea0b620ec7c805fdd
8453,0xAeC539A116fa75E8BdcF016D3C146a25bC1af93b,0x731814e491571A2e9eE3c5b1F7f3b962eE8f4870,7056502838452696751,141130056769053937,6915372781683642814,0x1a7552cab78f0ef7097d6d154ad3b689966366aa448b4f0ea0b620ec7c805fdd
8453,0xD457E42afa6D1893d90225Bc25C99457469Ef461,0x4200000000000000000000000000000000000006,1779953593638,35599071872,1744354521766,0xc79b241e2b49b6eaa6dfa845631c3e2d9cc99c5027c501d72bed7caa7c24bcd3
8453,0xD457E42afa6D1893d90225Bc25C99457469Ef461,0x940181a94A35A4569E4529A3CDfB74e38FD98631,803870146638206180,16077402932764123,787792743705442057,0xc79b241e2b49b6eaa6dfa845631c3e2d9cc99c5027c501d72bed7caa7c24bcd3
8453,0x059F4c04295bde54893C24025d8229E35318d3Cc,0x4200000000000000000000000000000000000006,1318152261049454,26363045220989,1291789215828465,0x3a0594155a49ce20444f3b366bc7f7f41f3bf10c12ca0d94ab1713e9dac27423
8453,0x059F4c04295bde54893C24025d8229E35318d3Cc,0xb33Ff54b9F7242EF1593d2C9Bcd8f9df46c77935,413581908051707872790,8271638161034157627,405310269890673715163,0x3a0594155a49ce20444f3b366bc7f7f41f3bf10c12ca0d94ab1713e9dac27423
8453,0x1822946A4f1a625044d93a468DB6DB756d4f89Ff,0x4200000000000000000000000000000000000006,666221017742969,13324420354859,652896597388110,0x236171b023f4aef46d4ed5cbf6536d68732eb880c77857023bb7c90c6cfe569f
8453,0x1822946A4f1a625044d93a468DB6DB756d4f89Ff,0x4F9Fd6Be4a90f2620860d680c0d4d5Fb53d1A825,7069760567665708154,141395211353314166,6928365356312393988,0x236171b023f4aef46d4ed5cbf6536d68732eb880c77857023bb7c90c6cfe569f
8453,0xAeC539A116fa75E8BdcF016D3C146a25bC1af93b,0x4200000000000000000000000000000000000006,250104512448433,5002090248968,245102422199465,0x03d1213d24c0a2a77a24335daa77522c75a387f65090936c61f0bac22d3cce29
8453,0xAeC539A116fa75E8BdcF016D3C146a25bC1af93b,0x731814e491571A2e9eE3c5b1F7f3b962eE8f4870,18821148186653516258,376422963733070332,18444725222920445926,0x03d1213d24c0a2a77a24335daa77522c75a387f65090936c61f0bac22d3cce29
8453,0x2A16310f6A1b892804d9583F1249b740b703f455,0x3124678D62D2aa1f615B54525310fbfDa6DcF7AE,0,0,0,0xb0e146e4abbdd78ff7e5606ac1a2f59182b9a776621b25b67c768ad07cbe001e
8453,0x2A16310f6A1b892804d9583F1249b740b703f455,0x4200000000000000000000000000000000000006,317090442082,6341808841,310748633241,0xb0e146e4abbdd78ff7e5606ac1a2f59182b9a776621b25b67c768ad07cbe001e
8453,0x15A0c9e57933AC556f709C53773D9f9DE4007787,0x4200000000000000000000000000000000000006,0,0,0,0x8164fc9d1faa301adc64033532673296df4f6d77e2d55105747b9006b2b9b998
8453,0x15A0c9e57933AC556f709C53773D9f9DE4007787,0x940181a94A35A4569E4529A3CDfB74e38FD98631,36049027977438064,720980559548761,35328047417889303,0x8164fc9d1faa301adc64033532673296df4f6d77e2d55105747b9006b2b9b998
8453,0x059F4c04295bde54893C24025d8229E35318d3Cc,0x20ef84969f6d81Ff74AE4591c331858b20AD82CD,680446712508534455951,13608934250170689402,666837778258363766549,0x7f930a1ff8bf738dc6335fa23e064e6a85026044185528d64c827c9708ced750
8453,0x059F4c04295bde54893C24025d8229E35318d3Cc,0x4200000000000000000000000000000000000006,2157631357131851,43152627142637,2114478729989214,0x7f930a1ff8bf738dc6335fa23e064e6a85026044185528d64c827c9708ced750
8453,0x059F4c04295bde54893C24025d8229E35318d3Cc,0x20ef84969f6d81Ff74AE4591c331858b20AD82CD,143985161555031161768,2879703231100623295,141105458323930538473,0x17a17a60fac546a718133655719acfeefb563b0648ce7f34ce7385a63389e451
8453,0x059F4c04295bde54893C24025d8229E35318d3Cc,0x4200000000000000000000000000000000000006,45467990581253,909359811625,44558630769628,0x17a17a60fac546a718133655719acfeefb563b0648ce7f34ce7385a63389e451
8453,0x059F4c04295bde54893C24025d8229E35318d3Cc,0x20ef84969f6d81Ff74AE4591c331858b20AD82CD,1026156376844480234048,20523127536889605108,1005633249307590628940,0x8a15509e6ac1c5eb1371dfc071b4afbe0afad798a19d03786e98557279daea3a
8453,0x059F4c04295bde54893C24025d8229E35318d3Cc,0x4200000000000000000000000000000000000006,1366563936991986,27331278739839,1339232658252147,0x8a15509e6ac1c5eb1371dfc071b4afbe0afad798a19d03786e98557279daea3a
8453,0xe4D83311dA070fab7d0530D9b07761C539f28034,0x0b3e328455c4059EEb9e3f84b5543F74E24e7E1b,3149124191611287653,62982483832225754,3086141707779061899,0x1bcfce550807e5382f331bedda032053d05c59a8e5970e14059981d705e1371d
8453,0xe4D83311dA070fab7d0530D9b07761C539f28034,0x833589fCD6eDb6E08f4c7C32D4f71b54bdA02913,9737741,194754,9542987,0x1bcfce550807e5382f331bedda032053d05c59a8e5970e14059981d705e1371d
8453,0xAeC539A116fa75E8BdcF016D3C146a25bC1af93b,0x4200000000000000000000000000000000000006,380501893485230,7610037869704,372891855615526,0x77fc4be5e68ee7f37286f9a1eaf416b897da29d3f021fbcb29418b94652d18bd
8453,0xAeC539A116fa75E8BdcF016D3C146a25bC1af93b,0x731814e491571A2e9eE3c5b1F7f3b962eE8f4870,8448379972621878744,168967599452437578,8279412373169441166,0x77fc4be5e68ee7f37286f9a1eaf416b897da29d3f021fbcb29418b94652d18bd
8453,0x059F4c04295bde54893C24025d8229E35318d3Cc,0x20ef84969f6d81Ff74AE4591c331858b20AD82CD,1118735058942570974749,22374701178851419960,1096360357763719554789,0x83e5eb990bec9cdb9a6b6701a00eea69da24b2c79abd6267c6aacc94433c9a32
8453,0x059F4c04295bde54893C24025d8229E35318d3Cc,0x4200000000000000000000000000000000000006,1755906522565139,35118130451302,1720788392113837,0x83e5eb990bec9cdb9a6b6701a00eea69da24b2c79abd6267c6aacc94433c9a32
8453,0x059F4c04295bde54893C24025d8229E35318d3Cc,0x20ef84969f6d81Ff74AE4591c331858b20AD82CD,479426686027116029640,9588533720542320792,469838152306573708848,0xd128002421fdb0d829f2b49317d5fc598ecc3a98c0281da4fac953795950c6c3
8453,0x059F4c04295bde54893C24025d8229E35318d3Cc,0x4200000000000000000000000000000000000006,312897358021632,6257947160432,306639410861200,0xd128002421fdb0d829f2b49317d5fc598ecc3a98c0281da4fac953795950c6c3
8453,0x059F4c04295bde54893C24025d8229E35318d3Cc,0x20ef84969f6d81Ff74AE4591c331858b20AD82CD,415394383880035604469,8307887677600712262,407086496202434892207,0xb1c43ba8689d9b58f4d585a46464df312b53d8810ff87b5ed69b88cdd834234e
8453,0x059F4c04295bde54893C24025d8229E35318d3Cc,0x4200000000000000000000000000000000000006,42725843048913,854516860978,41871326187935,0xb1c43ba8689d9b58f4d585a46464df312b53d8810ff87b5ed69b88cdd834234e
8453,0x059F4c04295bde54893C24025d8229E35318d3Cc,0x20ef84969f6d81Ff74AE4591c331858b20AD82CD,506811136179130333699,10136222723582606884,496674913455547726815,0xf588d263d3e9099e90eefce6f3f804f3b7812fa516949a7da0c502989f5d7adb
8453,0x059F4c04295bde54893C24025d8229E35318d3Cc,0x4200000000000000000000000000000000000006,372453750467259,7449075009345,365004675457914,0xf588d263d3e9099e90eefce6f3f804f3b7812fa516949a7da0c502989f5d7adb
8453,0x5bbc45d7a94718A69C44c4C03834172a4d4AE5eE,0x4200000000000000000000000000000000000006,619554728684331,12391094573686,607163634110645,0x7df53b44e29bbfc1be98f41962465853b9f498de0bd480ff8e3d1b48b9cd9d23
8453,0x5bbc45d7a94718A69C44c4C03834172a4d4AE5eE,0x4F9Fd6Be4a90f2620860d680c0d4d5Fb53d1A825,5408173708453287335,108163474169065748,5300010234284221587,0x7df53b44e29bbfc1be98f41962465853b9f498de0bd480ff8e3d1b48b9cd9d23
8453,0xb7725D73451c359560D43dEe3a6e83D1E23257B6,0x4200000000000000000000000000000000000006,1102033524478335,22040670489566,1079992853988769,0x1a50975f856f7d7fab5b15909b254d63fb7c04768098e1fb9047707411eb4a91
8453,0xb7725D73451c359560D43dEe3a6e83D1E23257B6,0x532f27101965dd16442E59d40670FaF5eBB142E4,31290983885483102373,625819677709662060,30665164207773440313,0x1a50975f856f7d7fab5b15909b254d63fb7c04768098e1fb9047707411eb4a91
8453,0x059F4c04295bde54893C24025d8229E35318d3Cc,0x20ef84969f6d81Ff74AE4591c331858b20AD82CD,3206304258581408501070,64126085171628171356,3142178173409780329714,0xe8393e6990f2091cd41ee27e2914f36fc1e34dcaf70056cd8e41e417b07e7a67
8453,0x059F4c04295bde54893C24025d8229E35318d3Cc,0x4200000000000000000000000000000000000006,7486904552713395,149738091054267,7337166461659128,0xe8393e6990f2091cd41ee27e2914f36fc1e34dcaf70056cd8e41e417b07e7a67
8453,0x059F4c04295bde54893C24025d8229E35318d3Cc,0x20ef84969f6d81Ff74AE4591c331858b20AD82CD,0,0,0,0x250005cb1d860ded9db04a7bc1a951e2906f7c0a7074ca9dd45ed622e15aa842
8453,0x059F4c04295bde54893C24025d8229E35318d3Cc,0x4200000000000000000000000000000000000006,0,0,0,0x250005cb1d860ded9db04a7bc1a951e2906f7c0a7074ca9dd45ed622e15aa842
8453,0x059F4c04295bde54893C24025d8229E35318d3Cc,0x20ef84969f6d81Ff74AE4591c331858b20AD82CD,1104067461241090546071,22081349224821811381,1081986112016268734690,0x10dad0caa629c03a3bdcb43fcebd3a850913c6dbdc3d66fabc67bd50ef4d7067
8453,0x059F4c04295bde54893C24025d8229E35318d3Cc,0x4200000000000000000000000000000000000006,2393095057320500,47861901146410,2345233156174090,0x10dad0caa629c03a3bdcb43fcebd3a850913c6dbdc3d66fabc67bd50ef4d7067
8453,0xAeC539A116fa75E8BdcF016D3C146a25bC1af93b,0x4200000000000000000000000000000000000006,603716405779426,12074328115588,591642077663838,0xefc3a0788c4aa31c3e4e29e4093d55079d93d411a30d6ad1f9634cb6f7c48758
8453,0xAeC539A116fa75E8BdcF016D3C146a25bC1af93b,0xbDF317F9C153246C429F23f4093087164B145390,32690629499262590742,653812589985251828,32036816909277338914,0xefc3a0788c4aa31c3e4e29e4093d55079d93d411a30d6ad1f9634cb6f7c48758
8453,0x059F4c04295bde54893C24025d8229E35318d3Cc,0x20ef84969f6d81Ff74AE4591c331858b20AD82CD,27300208162837585109,546004163256751713,26754203999580833396,0x57eb9cd3f59faab2602677b207a3d70c8b71b835e5c50d7e08abe222ca90c60b
8453,0x059F4c04295bde54893C24025d8229E35318d3Cc,0x4200000000000000000000000000000000000006,0,0,0,0x57eb9cd3f59faab2602677b207a3d70c8b71b835e5c50d7e08abe222ca90c60b
8453,0x059F4c04295bde54893C24025d8229E35318d3Cc,0x2b0772BEa2757624287ffc7feB92D03aeAE6F12D,24522737161218358687516,490454743224367183959,24032282417993991503557,0x2b8a953702381362de760e26ecc164a464f99274834975ae727a3de72d9bfc14
8453,0x059F4c04295bde54893C24025d8229E35318d3Cc,0x4200000000000000000000000000000000000006,11466436040658492,229328720813169,11237107319845323,0x2b8a953702381362de760e26ecc164a464f99274834975ae727a3de72d9bfc14
8453,0x059F4c04295bde54893C24025d8229E35318d3Cc,0x2b0772BEa2757624287ffc7feB92D03aeAE6F12D,3511343188869379884600,70226863777387599153,3441116325091992285447,0xfba19d85eb51dca10453c1a940f1a0d41b417de024175f55217301460b549255
8453,0x059F4c04295bde54893C24025d8229E35318d3Cc,0x4200000000000000000000000000000000000006,704465729684623,14089314593692,690376415090931,0xfba19d85eb51dca10453c1a940f1a0d41b417de024175f55217301460b549255
8453,0x059F4c04295bde54893C24025d8229E35318d3Cc,0x2b0772BEa2757624287ffc7feB92D03aeAE6F12D,12150107674308840064142,243002153486176806341,11907105520822663257801,0xbb9e57998fda18a3f98fa9b5e9e8390dcabc216f8823025491447a7ef497dfe4
8453,0x059F4c04295bde54893C24025d8229E35318d3Cc,0x4200000000000000000000000000000000000006,10549817523339991,210996350466799,10338821172873192,0xbb9e57998fda18a3f98fa9b5e9e8390dcabc216f8823025491447a7ef497dfe4
8453,0x6E7FE1bE19F2D9B576E5218c7518469Ad09E9A5a,0x4200000000000000000000000000000000000006,577970667738266,11559413354765,566411254383501,0xf3ee5ce75d6ab8284b8134bd3aad1b3eb1f034b97e848c80507d8f997e0686a4
8453,0x6E7FE1bE19F2D9B576E5218c7518469Ad09E9A5a,0xcbB7C0000aB88B473b1f5aFd9ef808440eed33Bf,410,8,402,0xf3ee5ce75d6ab8284b8134bd3aad1b3eb1f034b97e848c80507d8f997e0686a4
8453,0x059F4c04295bde54893C24025d8229E35318d3Cc,0x2b0772BEa2757624287ffc7feB92D03aeAE6F12D,69142997272383767245,1382859945447675373,67760137326936091872,0x9df2d05bec7d826a318a4c74db71fc0dab56b46fc3c191260c48f6a437939175
8453,0x059F4c04295bde54893C24025d8229E35318d3Cc,0x4200000000000000000000000000000000000006,355848978435222,7116979568704,348731998866518,0x9df2d05bec7d826a318a4c74db71fc0dab56b46fc3c191260c48f6a437939175
8453,0x059F4c04295bde54893C24025d8229E35318d3Cc,0x2b0772BEa2757624287ffc7feB92D03aeAE6F12D,6156186568690569935709,123123731373811401277,6033062837316758534432,0x1a15bc9304c2ef6b47abb4f2346b62e4308355dd3c6b36485246e5299a226f15
8453,0x059F4c04295bde54893C24025d8229E35318d3Cc,0x4200000000000000000000000000000000000006,1808922055643656,36178441112873,1772743614530783,0x1a15bc9304c2ef6b47abb4f2346b62e4308355dd3c6b36485246e5299a226f15
8453,0x059F4c04295bde54893C24025d8229E35318d3Cc,0x2b0772BEa2757624287ffc7feB92D03aeAE6F12D,24108014163032964589,482160283260659301,23625853879772305288,0x3b769a8bd1f82e3d3d76061bb1b7bad293431015e053c4a62dd3383485e4d52f
8453,0x059F4c04295bde54893C24025d8229E35318d3Cc,0x4200000000000000000000000000000000000006,29849732800018,596994656000,29252738144018,0x3b769a8bd1f82e3d3d76061bb1b7bad293431015e053c4a62dd3383485e4d52f
8453,0x059F4c04295bde54893C24025d8229E35318d3Cc,0x2b0772BEa2757624287ffc7feB92D03aeAE6F12D,3829306249543193628120,76586124990863874156,3752720124552329753964,0xffdc546fe176bb8def047339f9b45183f6cf81346dbedf96e4cef6c62bfffdfc
8453,0x059F4c04295bde54893C24025d8229E35318d3Cc,0x4200000000000000000000000000000000000006,339680895677625,6793617913552,332887277764073,0xffdc546fe176bb8def047339f9b45183f6cf81346dbedf96e4cef6c62bfffdfc
8453,0x059F4c04295bde54893C24025d8229E35318d3Cc,0x2b0772BEa2757624287ffc7feB92D03aeAE6F12D,3236245889954438705294,64724917799088775453,3171520972155349929841,0x561eeffd45e38d0a617665566925578af6c11730d217e539d9d8e3750dc15a11
8453,0x059F4c04295bde54893C24025d8229E35318d3Cc,0x4200000000000000000000000000000000000006,132076331002564,2641526620051,129434804382513,0x561eeffd45e38d0a617665566925578af6c11730d217e539d9d8e3750dc15a11
8453,0xBb18ed77983c6ca915f6F0fe39963e185BF1064f,0x4200000000000000000000000000000000000006,68680170035844,1373603400716,67306566635128,0x574398839d62c2e58ec475407bfdec1114eaf640a47ab5f66ea135070f9c9eaa
8453,0xBb18ed77983c6ca915f6F0fe39963e185BF1064f,0x940181a94A35A4569E4529A3CDfB74e38FD98631,216836811171008033,4336736223420160,212500074947587873,0x574398839d62c2e58ec475407bfdec1114eaf640a47ab5f66ea135070f9c9eaa
8453,0xb7725D73451c359560D43dEe3a6e83D1E23257B6,0x20ef84969f6d81Ff74AE4591c331858b20AD82CD,518168844029142003437,10363376880582840284,507805467148559163153,0x68eb95b2a9180c0c41fd84a484985dfd1e00ea16a78b3f0e179dbdb159a92068
8453,0xb7725D73451c359560D43dEe3a6e83D1E23257B6,0x4200000000000000000000000000000000000006,977051356451159,19541027129023,957510329322136,0x68eb95b2a9180c0c41fd84a484985dfd1e00ea16a78b3f0e179dbdb159a92068
8453,0x059F4c04295bde54893C24025d8229E35318d3Cc,0x2b0772BEa2757624287ffc7feB92D03aeAE6F12D,6577438385058068712341,131548767701161376985,6445889617356907335356,0xd93975ae6a4b2c2afbed050fcc1e66e5c798b9de70bd8ec857f09ff1502b6122
8453,0x059F4c04295bde54893C24025d8229E35318d3Cc,0x4200000000000000000000000000000000000006,2293272636069718,45865452721394,2247407183348324,0xd93975ae6a4b2c2afbed050fcc1e66e5c798b9de70bd8ec857f09ff1502b6122
8453,0x059F4c04295bde54893C24025d8229E35318d3Cc,0x2b0772BEa2757624287ffc7feB92D03aeAE6F12D,2108831695828827285093,42176633916576546579,2066655061912250738514,0x59edcd66ad01de8ea868d24dbbaa5b70cc7273bfe15aedc6bb5f348b904e0f94
8453,0x059F4c04295bde54893C24025d8229E35318d3Cc,0x4200000000000000000000000000000000000006,4452573449454300,89051468989086,4363521980465214,0x59edcd66ad01de8ea868d24dbbaa5b70cc7273bfe15aedc6bb5f348b904e0f94
8453,0x059F4c04295bde54893C24025d8229E35318d3Cc,0x2b0772BEa2757624287ffc7feB92D03aeAE6F12D,4847686736948316419795,96953734738966330414,4750733002209350089381,0xf96549a56c6692af11af7575a7c42a5630b8272fc947ff92ac9124a5e726c222
8453,0x059F4c04295bde54893C24025d8229E35318d3Cc,0x4200000000000000000000000000000000000006,1117782404457188,22355648089143,1095426756368045,0xf96549a56c6692af11af7575a7c42a5630b8272fc947ff92ac9124a5e726c222
8453,0x70880B2482fE09C684C7ab51925D9Ee4e63C7eE9,0x4200000000000000000000000000000000000006,0,0,0,0xd2be75b8ceddc74f116a64c9872a54a9f58b131278726439b1d6dfa630eb5123
8453,0x70880B2482fE09C684C7ab51925D9Ee4e63C7eE9,0x833589fCD6eDb6E08f4c7C32D4f71b54bdA02913,0,0,0,0xd2be75b8ceddc74f116a64c9872a54a9f58b131278726439b1d6dfa630eb5123
8453,0x059F4c04295bde54893C24025d8229E35318d3Cc,0x20ef84969f6d81Ff74AE4591c331858b20AD82CD,4204460698340445297348,84089213966808907697,4120371484373636389651,0x7854484729f203fd4a603b1e3bfde6df4099e8e3409b0c0315ac3e003627fad0
8453,0x059F4c04295bde54893C24025d8229E35318d3Cc,0x4200000000000000000000000000000000000006,10850248751198024,217004975023960,10633243776174064,0x7854484729f203fd4a603b1e3bfde6df4099e8e3409b0c0315ac3e003627fad0
8453,0x059F4c04295bde54893C24025d8229E35318d3Cc,0x20ef84969f6d81Ff74AE4591c331858b20AD82CD,590896187897641915558,11817923757952838557,579078264139689077001,0xc648d955cd65697c38018fcbf6f5ad28353476f89d263a461953aa06deba7b1f
8453,0x059F4c04295bde54893C24025d8229E35318d3Cc,0x4200000000000000000000000000000000000006,236334029235475,4726680584709,231607348650766,0xc648d955cd65697c38018fcbf6f5ad28353476f89d263a461953aa06deba7b1f
8453,0x059F4c04295bde54893C24025d8229E35318d3Cc,0x20ef84969f6d81Ff74AE4591c331858b20AD82CD,1244484601576395066960,24889692031527901857,1219594909544867165103,0xfdea0c02bc5a525d789e5acfd0d0205e006e686b1112e878377aa971b664e805
8453,0x059F4c04295bde54893C24025d8229E35318d3Cc,0x4200000000000000000000000000000000000006,1696056106614788,33921122132295,1662134984482493,0xfdea0c02bc5a525d789e5acfd0d0205e006e686b1112e878377aa971b664e805
8453,0x059F4c04295bde54893C24025d8229E35318d3Cc,0x2b0772BEa2757624287ffc7feB92D03aeAE6F12D,14572688080173065517226,291453761603461316411,14281234318569604200815,0x0cc06ff82f71c7985928be2a78c06402e21ace5cf8c028d31161d232ab31326a
8453,0x059F4c04295bde54893C24025d8229E35318d3Cc,0x4200000000000000000000000000000000000006,6955010662056103,139100213241122,6815910448814981,0x0cc06ff82f71c7985928be2a78c06402e21ace5cf8c028d31161d232ab31326a
8453,0x059F4c04295bde54893C24025d8229E35318d3Cc,0x2b0772BEa2757624287ffc7feB92D03aeAE6F12D,2774721489314692165819,55494429786293844471,2719227059528398321348,0x5b88ab051ec0e6d6f0942ad8fdc703b8b2c413536e71ade0f789b869a89ec4fb
8453,0x059F4c04295bde54893C24025d8229E35318d3Cc,0x4200000000000000000000000000000000000006,219408211264718,4388164225294,215020047039424,0x5b88ab051ec0e6d6f0942ad8fdc703b8b2c413536e71ade0f789b869a89ec4fb
8453,0xAeC539A116fa75E8BdcF016D3C146a25bC1af93b,0x4200000000000000000000000000000000000006,544365652627428,10887313052548,533478339574880,0x4a0cb3f9e6d497f0856318a287e77b092dc18a59b73040aef5952930cb32cc6b
8453,0xAeC539A116fa75E8BdcF016D3C146a25bC1af93b,0x731814e491571A2e9eE3c5b1F7f3b962eE8f4870,35007631891582355972,700152637831647134,34307479253750708838,0x4a0cb3f9e6d497f0856318a287e77b092dc18a59b73040aef5952930cb32cc6b
8453,0xb7725D73451c359560D43dEe3a6e83D1E23257B6,0x0b3e328455c4059EEb9e3f84b5543F74E24e7E1b,0,0,0,0xe7e5493a672cd902b71a845b456c33af3baedfc59154adf1759cc0bc6ba2fe72
8453,0xb7725D73451c359560D43dEe3a6e83D1E23257B6,0x4200000000000000000000000000000000000006,0,0,0,0xe7e5493a672cd902b71a845b456c33af3baedfc59154adf1759cc0bc6ba2fe72
8453,0x059F4c04295bde54893C24025d8229E35318d3Cc,0x2b0772BEa2757624287ffc7feB92D03aeAE6F12D,4090940866700807793747,81818817334016157578,4009122049366791636169,0xb7b6227927b8b549d35419f91e129f0e44d6a3318327a0cd95849f1db2b907f0
8453,0x059F4c04295bde54893C24025d8229E35318d3Cc,0x4200000000000000000000000000000000000006,4620018501695588,92400370033911,4527618131661677,0xb7b6227927b8b549d35419f91e129f0e44d6a3318327a0cd95849f1db2b907f0
8453,0x059F4c04295bde54893C24025d8229E35318d3Cc,0x20ef84969f6d81Ff74AE4591c331858b20AD82CD,0,0,0,0xde34d2575f2d0d80b3d4d02556aefa4b48d29ad28c2179e098d8e63a552a946e
8453,0x059F4c04295bde54893C24025d8229E35318d3Cc,0x4200000000000000000000000000000000000006,0,0,0,0xde34d2575f2d0d80b3d4d02556aefa4b48d29ad28c2179e098d8e63a552a946e
8453,0x059F4c04295bde54893C24025d8229E35318d3Cc,0x2b0772BEa2757624287ffc7feB92D03aeAE6F12D,14273242798210209091238,285464855964204187767,13987777942246004903471,0xe222732d78ce6bd87a29a56c03b12ef2b4dd56639fcfd261517df270c1ab7da0
8453,0x059F4c04295bde54893C24025d8229E35318d3Cc,0x4200000000000000000000000000000000000006,6672976752844302,133459535056886,6539517217787416,0xe222732d78ce6bd87a29a56c03b12ef2b4dd56639fcfd261517df270c1ab7da0
8453,0xAeC539A116fa75E8BdcF016D3C146a25bC1af93b,0x4200000000000000000000000000000000000006,388237601067504,7764752021350,380472849046154,0xc03e867742cc2e6f5e7f52ddcf10a78928e748f1731cef6097212318a1e447a2
8453,0xAeC539A116fa75E8BdcF016D3C146a25bC1af93b,0x731814e491571A2e9eE3c5b1F7f3b962eE8f4870,30313218216194809532,606264364323896203,29706953851870913329,0xc03e867742cc2e6f5e7f52ddcf10a78928e748f1731cef6097212318a1e447a2
8453,0x059F4c04295bde54893C24025d8229E35318d3Cc,0x2b0772BEa2757624287ffc7feB92D03aeAE6F12D,5057751144892059295180,101155022897841188009,4956596121994218107171,0x63e3151f3d0079ffc96bfe025f8f666684edc8f2d065667b61f8732f14a11fe9
8453,0x059F4c04295bde54893C24025d8229E35318d3Cc,0x4200000000000000000000000000000000000006,5704526462670991,114090529253419,5590435933417572,0x63e3151f3d0079ffc96bfe025f8f666684edc8f2d065667b61f8732f14a11fe9
8453,0xb7725D73451c359560D43dEe3a6e83D1E23257B6,0x4200000000000000000000000000000000000006,3342380558123514,66847611162470,3275532946961044,0x5537c60f13b88e2ce368f0cf2c9e35d29a22160708a52d4709285efeee10d221
8453,0xb7725D73451c359560D43dEe3a6e83D1E23257B6,0x532f27101965dd16442E59d40670FaF5eBB142E4,93325362646191052710,1866507252923821093,91458855393267231617,0x5537c60f13b88e2ce368f0cf2c9e35d29a22160708a52d4709285efeee10d221
8453,0x5Ed8daB7dbc672227AeA9E1feCBDECaa89E6c2cd,0x20ef84969f6d81Ff74AE4591c331858b20AD82CD,3938784273165114722,78775685463302296,3860008587701812426,0x10e200485606e76a351c36cc2e008ffcd6a4902d6bf4ea155fdf0dddea8fa5cc
8453,0x5Ed8daB7dbc672227AeA9E1feCBDECaa89E6c2cd,0x4200000000000000000000000000000000000006,5785182041380,115703640827,5669478400553,0x10e200485606e76a351c36cc2e008ffcd6a4902d6bf4ea155fdf0dddea8fa5cc
8453,0x059F4c04295bde54893C24025d8229E35318d3Cc,0x20ef84969f6d81Ff74AE4591c331858b20AD82CD,625387304414993934957,12507746088299878959,612879558326694055998,0xf203afaee394f7c37177c3c4f4d85e6ac3ec1b0536a8cafff2195ac182eae0e1
8453,0x059F4c04295bde54893C24025d8229E35318d3Cc,0x4200000000000000000000000000000000000006,279728490477288,5594569809545,274133920667743,0xf203afaee394f7c37177c3c4f4d85e6ac3ec1b0536a8cafff2195ac182eae0e1
8453,0xC66f1977DddAd5f63A47B28E60B265E559E3204F,0x20ef84969f6d81Ff74AE4591c331858b20AD82CD,1284315489728056888164,25686309794561138297,1258629179933495749867,0xddc6c1cb1f94a2dc657eea10e82f70ea8e6c8d3cd8b3bad942c848a0318e6d7b
8453,0xC66f1977DddAd5f63A47B28E60B265E559E3204F,0x4200000000000000000000000000000000000006,4726887364265411,94537747285308,4632349616980103,0xddc6c1cb1f94a2dc657eea10e82f70ea8e6c8d3cd8b3bad942c848a0318e6d7b
8453,0x059F4c04295bde54893C24025d8229E35318d3Cc,0x2b0772BEa2757624287ffc7feB92D03aeAE6F12D,23633451720032455503257,472669034400649119904,23160782685631806383353,0x2414c223f518ab81a05e72edea9291042fee9554e6ffd1c732e164ebcbc92ff1
8453,0x059F4c04295bde54893C24025d8229E35318d3Cc,0x4200000000000000000000000000000000000006,15120870940134079,302417418802681,14818453521331398,0x2414c223f518ab81a05e72edea9291042fee9554e6ffd1c732e164ebcbc92ff1
8453,0xAeC539A116fa75E8BdcF016D3C146a25bC1af93b,0x4200000000000000000000000000000000000006,170832697954881,3416653959097,167416043995784,0x668653064cbfadb0cb9c1e6e3f62d92eadae0f562b970964122c59e95e4b417c
8453,0xAeC539A116fa75E8BdcF016D3C146a25bC1af93b,0x55cD6469F597452B5A7536e2CD98fDE4c1247ee4,2534131248719630375,50682624974392608,2483448623745237767,0x668653064cbfadb0cb9c1e6e3f62d92eadae0f562b970964122c59e95e4b417c
8453,0xAeC539A116fa75E8BdcF016D3C146a25bC1af93b,0x4200000000000000000000000000000000000006,219831817096151,4396636341923,215435180754228,0x632793086a80d33b24022c8c3c1169e7cb68d037734c61b5c1d1a12b5d45f5b7
8453,0xAeC539A116fa75E8BdcF016D3C146a25bC1af93b,0x55cD6469F597452B5A7536e2CD98fDE4c1247ee4,12603549053854630973,252070981077092624,12351478072777538349,0x632793086a80d33b24022c8c3c1169e7cb68d037734c61b5c1d1a12b5d45f5b7
8453,0x059F4c04295bde54893C24025d8229E35318d3Cc,0x20ef84969f6d81Ff74AE4591c331858b20AD82CD,1544857212814613347259,30897144256292267588,1513960068558321079671,0x8b01c1924d8930373dd847da53d5bdce37a01f40ee128f05e0ee1db9b74bd839
8453,0x059F4c04295bde54893C24025d8229E35318d3Cc,0x4200000000000000000000000000000000000006,4485667732246416,89713354644928,4395954377601488,0x8b01c1924d8930373dd847da53d5bdce37a01f40ee128f05e0ee1db9b74bd839
8453,0xAeC539A116fa75E8BdcF016D3C146a25bC1af93b,0x4200000000000000000000000000000000000006,319736561451556,6394731229031,313341830222525,0x5f48ceffc221476ddd327d01e4679094aaef413829b003ba3a07c67f40690e93
8453,0xAeC539A116fa75E8BdcF016D3C146a25bC1af93b,0x731814e491571A2e9eE3c5b1F7f3b962eE8f4870,5585235019864768622,111704700397295374,5473530319467473248,0x5f48ceffc221476ddd327d01e4679094aaef413829b003ba3a07c67f40690e93
8453,0xAeC539A116fa75E8BdcF016D3C146a25bC1af93b,0x4200000000000000000000000000000000000006,505633142425317,10112662848506,495520479576811,0x581dbd10b80b480ca8fdf90c202019195eef066570d8a9e3f52004f932e9fb92
8453,0xAeC539A116fa75E8BdcF016D3C146a25bC1af93b,0x55cD6469F597452B5A7536e2CD98fDE4c1247ee4,23374264102331919819,467485282046638406,22906778820285281413,0x581dbd10b80b480ca8fdf90c202019195eef066570d8a9e3f52004f932e9fb92
8453,0x059F4c04295bde54893C24025d8229E35318d3Cc,0x20ef84969f6d81Ff74AE4591c331858b20AD82CD,1076824064645663246415,21536481292913265376,1055287583352749981039,0xac73c3f8dc51f4ca88d249d1fe3fe6c5d0420445bfd399db0f3be4a595219b00
8453,0x059F4c04295bde54893C24025d8229E35318d3Cc,0x4200000000000000000000000000000000000006,4523827487815406,90476549756308,4433350938059098,0xac73c3f8dc51f4ca88d249d1fe3fe6c5d0420445bfd399db0f3be4a595219b00
8453,0xAeC539A116fa75E8BdcF016D3C146a25bC1af93b,0x4200000000000000000000000000000000000006,0,0,0,0x3286d95c85c63b762f3eef9fb565f45f2b4b5409db8e97226cf08bffd5837dc8
8453,0xAeC539A116fa75E8BdcF016D3C146a25bC1af93b,0x55cD6469F597452B5A7536e2CD98fDE4c1247ee4,4975713334261557002,99514266685231142,4876199067576325860,0x3286d95c85c63b762f3eef9fb565f45f2b4b5409db8e97226cf08bffd5837dc8
8453,0x817EEF955FBEC8Dc78Fe0D3dfb236701Cb3a0e34,0x2b0772BEa2757624287ffc7feB92D03aeAE6F12D,719301913525700089034,14386038270514002080,704915875255186086954,0x176ba2333ca9824e328bb8e9bf4992a8c808f92f185c10c61dbb064864385512
8453,0x817EEF955FBEC8Dc78Fe0D3dfb236701Cb3a0e34,0x4200000000000000000000000000000000000006,509923228865387,10198464577307,499724764288080,0x176ba2333ca9824e328bb8e9bf4992a8c808f92f185c10c61dbb064864385512
8453,0xAeC539A116fa75E8BdcF016D3C146a25bC1af93b,0x4200000000000000000000000000000000000006,741276280785949,14825525615718,726450755170231,0x796aa860930e61f0545823379848d0525b1db22b2745925bb0593097a9f36191
8453,0xAeC539A116fa75E8BdcF016D3C146a25bC1af93b,0x731814e491571A2e9eE3c5b1F7f3b962eE8f4870,23620687964618566077,472413759292371331,23148274205326194746,0x796aa860930e61f0545823379848d0525b1db22b2745925bb0593097a9f36191
8453,0x817EEF955FBEC8Dc78Fe0D3dfb236701Cb3a0e34,0x2b0772BEa2757624287ffc7feB92D03aeAE6F12D,580833302952289927432,11616666059045798790,569216636893244128642,0xf81c11c792bf64ad11641489e79b6bf04d7c11d22c7b2cbe71d71014b22ba953
8453,0x817EEF955FBEC8Dc78Fe0D3dfb236701Cb3a0e34,0x4200000000000000000000000000000000000006,263486922625204,5269738452504,258217184172700,0xf81c11c792bf64ad11641489e79b6bf04d7c11d22c7b2cbe71d71014b22ba953
8453,0xAeC539A116fa75E8BdcF016D3C146a25bC1af93b,0x4200000000000000000000000000000000000006,370978723474545,7419574469490,363559149005055,0x7733b7694395d44aa5c53c06d44374424564ccfccd277088acccbd90c5699678
8453,0xAeC539A116fa75E8BdcF016D3C146a25bC1af93b,0xbDF317F9C153246C429F23f4093087164B145390,24188713871460264023,483774277429205290,23704939594031058733,0x7733b7694395d44aa5c53c06d44374424564ccfccd277088acccbd90c5699678
8453,0x323aE98d3D091778d09C84Fa4D55F2D1d6542eC1,0x3e43cB385A6925986e7ea0f0dcdAEc06673d4e10,487347924975130584784,9746958499502611898,477600966475627972886,0x4b544db8aa3819dbd37a52ccc58ee3ad2aab797a0b3ce4486ea0dc0d25bac0b5
8453,0x323aE98d3D091778d09C84Fa4D55F2D1d6542eC1,0x4200000000000000000000000000000000000006,484527824240370,9690556484807,474837267755563,0x4b544db8aa3819dbd37a52ccc58ee3ad2aab797a0b3ce4486ea0dc0d25bac0b5
8453,0x4f19A8b2E92c4123a9884B2e247D29A23ae4908E,0x333333C465a19C85f85c6CfbED7B16b0B26E3333,559774572763914947,11195491455278299,548579081308636648,0x2ccdf9f4580ffdeb86f024d3357b692dd5c57600a81753509e70c46701aa3982
8453,0x4f19A8b2E92c4123a9884B2e247D29A23ae4908E,0x4200000000000000000000000000000000000006,226143654002994,4522873080059,221620780922935,0x2ccdf9f4580ffdeb86f024d3357b692dd5c57600a81753509e70c46701aa3982
8453,0x28Aff242466Ddf490Df9fB57C24EC5e534A21180,0x4200000000000000000000000000000000000006,204221766885071,4084435337701,200137331547370,0xe06afe935a05f31ac55184824beb4207d350a128c06ee51edee50f0d8072108b
8453,0x28Aff242466Ddf490Df9fB57C24EC5e534A21180,0x4F9Fd6Be4a90f2620860d680c0d4d5Fb53d1A825,17667859681096903624,353357193621938079,17314502487474965545,0xe06afe935a05f31ac55184824beb4207d350a128c06ee51edee50f0d8072108b
8453,0x5bbc45d7a94718A69C44c4C03834172a4d4AE5eE,0x4200000000000000000000000000000000000006,196858492620237,3937169852404,192921322767833,0xa0354cf35013a0c093e9aedcc90e3bba6308eaed7f38e1111966b808be0561b1
8453,0x5bbc45d7a94718A69C44c4C03834172a4d4AE5eE,0x4F9Fd6Be4a90f2620860d680c0d4d5Fb53d1A825,2817395168690073752,56347903373801476,2761047265316272276,0xa0354cf35013a0c093e9aedcc90e3bba6308eaed7f38e1111966b808be0561b1
8453,0xAeC539A116fa75E8BdcF016D3C146a25bC1af93b,0x4200000000000000000000000000000000000006,363436787074007,7268735741480,356168051332527,0x719cbc56b3d5e5d62be651792c0f7b59e5a3a6838997270f774d4bb86d0a56f5
8453,0xAeC539A116fa75E8BdcF016D3C146a25bC1af93b,0x731814e491571A2e9eE3c5b1F7f3b962eE8f4870,21709253883542851764,434185077670857044,21275068805871994720,0x719cbc56b3d5e5d62be651792c0f7b59e5a3a6838997270f774d4bb86d0a56f5
8453,0xb7725D73451c359560D43dEe3a6e83D1E23257B6,0x4200000000000000000000000000000000000006,2302413353962,46048267079,2256365086883,0xbb5953e5b92863289576d4e52bf4e993e60bb24ecd97185bffbc4ec2bfd2ae06
8453,0xb7725D73451c359560D43dEe3a6e83D1E23257B6,0x532f27101965dd16442E59d40670FaF5eBB142E4,0,0,0,0xbb5953e5b92863289576d4e52bf4e993e60bb24ecd97185bffbc4ec2bfd2ae06
8453,0x379Edf7Df6f3782eAb938840E3580164b2cc69E1,0x4200000000000000000000000000000000000006,320389624392739,6407792487854,313981831904885,0x9aec4b4f6eca4da79e334dc550d46b68b581970521345572b9ddb0fe879a7f14
8453,0x379Edf7Df6f3782eAb938840E3580164b2cc69E1,0x6B2504A03ca4D43d0D73776F6aD46dAb2F2a4cFD,10240362322385663847,204807246447713281,10035555075937950566,0x9aec4b4f6eca4da79e334dc550d46b68b581970521345572b9ddb0fe879a7f14
8453,0xAeC539A116fa75E8BdcF016D3C146a25bC1af93b,0x20ef84969f6d81Ff74AE4591c331858b20AD82CD,38328419071107878852,766568381422157592,37561850689685721260,0x156b4f324ebcadfe3d2508667b8b7ffdcc92d26414906cff125faea83e845cbc
8453,0xAeC539A116fa75E8BdcF016D3C146a25bC1af93b,0x4200000000000000000000000000000000000006,209288997017684,4185779940353,205103217077331,0x156b4f324ebcadfe3d2508667b8b7ffdcc92d26414906cff125faea83e845cbc
8453,0x817EEF955FBEC8Dc78Fe0D3dfb236701Cb3a0e34,0x2b0772BEa2757624287ffc7feB92D03aeAE6F12D,1392370929354970732018,27847418587099415220,1364523510767871316798,0x409ba16cbb00ff358fd061da2439d4a65b035f02e9be15f0ab736ce540c7b3d0
8453,0x817EEF955FBEC8Dc78Fe0D3dfb236701Cb3a0e34,0x4200000000000000000000000000000000000006,1046878831257066,20937576625141,1025941254631925,0x409ba16cbb00ff358fd061da2439d4a65b035f02e9be15f0ab736ce540c7b3d0
8453,0xAeC539A116fa75E8BdcF016D3C146a25bC1af93b,0x4200000000000000000000000000000000000006,227977523519407,4559550470388,223417973049019,0xabc37140295b691e34d1522755bb419960472b2adb53e78e818198762b31eddf
8453,0xAeC539A116fa75E8BdcF016D3C146a25bC1af93b,0x55cD6469F597452B5A7536e2CD98fDE4c1247ee4,4809378710860045496,96187574217200911,4713191136642844585,0xabc37140295b691e34d1522755bb419960472b2adb53e78e818198762b31eddf
8453,0x059F4c04295bde54893C24025d8229E35318d3Cc,0x20ef84969f6d81Ff74AE4591c331858b20AD82CD,845573290888065357641,16911465817761307504,828661825070304050137,0x8499f42c0efc3e918326653fc5da1ba5807ec0bbd937c98edcce233b15629cb2
8453,0x059F4c04295bde54893C24025d8229E35318d3Cc,0x4200000000000000000000000000000000000006,4749865616605751,94997312332115,4654868304273636,0x8499f42c0efc3e918326653fc5da1ba5807ec0bbd937c98edcce233b15629cb2
8453,0x059F4c04295bde54893C24025d8229E35318d3Cc,0x2b0772BEa2757624287ffc7feB92D03aeAE6F12D,20211965702826712072509,404239314056534249865,19807726388770177822644,0xfbdfb5b5c93d2d757aef7213635542c3c1abc4b861324a6848699339a85b2de8
8453,0x059F4c04295bde54893C24025d8229E35318d3Cc,0x4200000000000000000000000000000000000006,14405931202008030,288118624040160,14117812577967870,0xfbdfb5b5c93d2d757aef7213635542c3c1abc4b861324a6848699339a85b2de8
8453,0x059F4c04295bde54893C24025d8229E35318d3Cc,0x2b0772BEa2757624287ffc7feB92D03aeAE6F12D,1668449464338389406407,33368989286767788822,1635080475051621617585,0x01e28f421a5e919d802e323a9ab837e79ef0e96af719c90cbcf97db13539a318
8453,0x059F4c04295bde54893C24025d8229E35318d3Cc,0x4200000000000000000000000000000000000006,196267079472663,3925341589453,192341737883210,0x01e28f421a5e919d802e323a9ab837e79ef0e96af719c90cbcf97db13539a318
8453,0xAeC539A116fa75E8BdcF016D3C146a25bC1af93b,0x20ef84969f6d81Ff74AE4591c331858b20AD82CD,21392260773891318944,427845215477826387,20964415558413492557,0xd191a3ca3791cdab78f8ee4d7e2d9bf7a2cab71844daa62537c0bff9fadbeeca
8453,0xAeC539A116fa75E8BdcF016D3C146a25bC1af93b,0x4200000000000000000000000000000000000006,227240328076933,4544806561538,222695521515395,0xd191a3ca3791cdab78f8ee4d7e2d9bf7a2cab71844daa62537c0bff9fadbeeca
8453,0x379Edf7Df6f3782eAb938840E3580164b2cc69E1,0x4200000000000000000000000000000000000006,5950416724033,119008334480,5831408389553,0x479319e0c28ec3674797d1c9358789627c5f64d5afb0b0ec04bc072310580220
8453,0x379Edf7Df6f3782eAb938840E3580164b2cc69E1,0x6B2504A03ca4D43d0D73776F6aD46dAb2F2a4cFD,1993425379713075422,39868507594261509,1953556872118813913,0x479319e0c28ec3674797d1c9358789627c5f64d5afb0b0ec04bc072310580220
8453,0xAeC539A116fa75E8BdcF016D3C146a25bC1af93b,0x4200000000000000000000000000000000000006,158011565425082,3160231308501,154851334116581,0x28dcd89ac6b2d3adf02120a3e8a22e39e3929c938b803803df1486958c535431
8453,0xAeC539A116fa75E8BdcF016D3C146a25bC1af93b,0x55cD6469F597452B5A7536e2CD98fDE4c1247ee4,0,0,0,0x28dcd89ac6b2d3adf02120a3e8a22e39e3929c938b803803df1486958c535431
8453,0xAeC539A116fa75E8BdcF016D3C146a25bC1af93b,0x4200000000000000000000000000000000000006,445594277855219,8911885557104,436682392298115,0xe684a03063651464bbe739e1fff3bfccfd80950715b91d5dcde95608c1f02ce4
8453,0xAeC539A116fa75E8BdcF016D3C146a25bC1af93b,0x731814e491571A2e9eE3c5b1F7f3b962eE8f4870,8476899181008223175,169537983620164467,8307361197388058708,0xe684a03063651464bbe739e1fff3bfccfd80950715b91d5dcde95608c1f02ce4
8453,0xAeC539A116fa75E8BdcF016D3C146a25bC1af93b,0x20ef84969f6d81Ff74AE4591c331858b20AD82CD,117864107941437852468,2357282158828757098,115506825782609095370,0xa4e2e9cb4156898c93a6a3752682a6313a27eec26425df37aab68220df170e7c
8453,0xAeC539A116fa75E8BdcF016D3C146a25bC1af93b,0x4200000000000000000000000000000000000006,638363562377620,12767271247552,625596291130068,0xa4e2e9cb4156898c93a6a3752682a6313a27eec26425df37aab68220df170e7c
8453,0x817EEF955FBEC8Dc78Fe0D3dfb236701Cb3a0e34,0x2b0772BEa2757624287ffc7feB92D03aeAE6F12D,773227534847877798638,15464550696957556294,757762984150920242344,0x03f3d3c6d3b39d926334559e26a408c96e8ad7fe4429409dfcc20dae59157134
8453,0x817EEF955FBEC8Dc78Fe0D3dfb236701Cb3a0e34,0x4200000000000000000000000000000000000006,808337714895916,16166754297918,792170960597998,0x03f3d3c6d3b39d926334559e26a408c96e8ad7fe4429409dfcc20dae59157134
8453,0xb6e7233Aa62F3198ecbc5EcEC3337Ef6d4c5Af0f,0x4200000000000000000000000000000000000006,465269357831733,9305387156634,455963970675099,0x7c624910199bdaf9dfc2b068e120054f7c61e4f09c122769c3e410ba469f501d
8453,0xb6e7233Aa62F3198ecbc5EcEC3337Ef6d4c5Af0f,0xeeC468333ccc16D4BF1cEf497A56cf8C0aAe4Ca3,79843520473073502829,1596870409461470089,78246650063612032740,0x7c624910199bdaf9dfc2b068e120054f7c61e4f09c122769c3e410ba469f501d
8453,0xAeC539A116fa75E8BdcF016D3C146a25bC1af93b,0x20ef84969f6d81Ff74AE4591c331858b20AD82CD,67653932978233000829,1353078659564660044,66300854318668340785,0x5729c2d0f4291d2856761b44f2d16ef2e4f7dc0ff1884b388e541bf3ac756f16
8453,0xAeC539A116fa75E8BdcF016D3C146a25bC1af93b,0x4200000000000000000000000000000000000006,130207848941938,2604156978838,127603691963100,0x5729c2d0f4291d2856761b44f2d16ef2e4f7dc0ff1884b388e541bf3ac756f16
8453,0x379Edf7Df6f3782eAb938840E3580164b2cc69E1,0x4200000000000000000000000000000000000006,96700917146470,1934018342929,94766898803541,0x79f91a6a34c8dca871a7c56d89fce9dfe4b190b15c0cb49ce542ce8b77b00c7b
8453,0x379Edf7Df6f3782eAb938840E3580164b2cc69E1,0x6B2504A03ca4D43d0D73776F6aD46dAb2F2a4cFD,904181546943633037,18083630938872661,886097916004760376,0x79f91a6a34c8dca871a7c56d89fce9dfe4b190b15c0cb49ce542ce8b77b00c7b
8453,0xC45df5A203BFb06f3beD14cc79d8A4880de190EE,0x0b3e328455c4059EEb9e3f84b5543F74E24e7E1b,4366655195819853610,87333103916397074,4279322091903456536,0x8cf6da4c0fae5a8c7971a2fa4eab13fe71b77a8c5107736a071850402b7cab6e
8453,0xC45df5A203BFb06f3beD14cc79d8A4880de190EE,0x4200000000000000000000000000000000000006,4033508799600482,80670175992009,3952838623608473,0x8cf6da4c0fae5a8c7971a2fa4eab13fe71b77a8c5107736a071850402b7cab6e
137,0xd566F90C9E3102ec1eB031DF1Bc3F3f4AD7AA908,0x0d500B1d8E8eF31E21C99d1Db9A6444d3ADf1270,1119825479447686427,22396509588953729,1097428969858732698,0x6a6c66159bd1cf7dca32e4384c7c35de45f8ba05ee94e01a69e8a07902bfb057
137,0xd566F90C9E3102ec1eB031DF1Bc3F3f4AD7AA908,0x7ceB23fD6bC0adD59E62ac25578270cFf1b9f619,117701109092380,2354022181847,115347086910533,0x6a6c66159bd1cf7dca32e4384c7c35de45f8ba05ee94e01a69e8a07902bfb057
137,0xa7e479bC1C5F545BaDdB83e9bD7d73b5BCDF6AcB,0x3c499c542cEF5E3811e1192ce70d8cC03d5c3359,1669651,33393,1636258,0x5c08e522fbef690f18e2ae92c5b7ab6a0ac72803c48f3cd7ba3b07f4916dbfab
137,0xa7e479bC1C5F545BaDdB83e9bD7d73b5BCDF6AcB,0xD6DF932A45C0f255f85145f286eA0b292B21C90B,4952143713587194,99042874271743,4853100839315451,0x5c08e522fbef690f18e2ae92c5b7ab6a0ac72803c48f3cd7ba3b07f4916dbfab
137,0xa7e479bC1C5F545BaDdB83e9bD7d73b5BCDF6AcB,0x3c499c542cEF5E3811e1192ce70d8cC03d5c3359,47331,946,46385,0xfeea0dad9ae01526708862a232b7b5055090977775db671af982f468dc6996f1
137,0xa7e479bC1C5F545BaDdB83e9bD7d73b5BCDF6AcB,0xD6DF932A45C0f255f85145f286eA0b292B21C90B,643678264826917,12873565296538,630804699530379,0xfeea0dad9ae01526708862a232b7b5055090977775db671af982f468dc6996f1
137,0x1b50D0c4997B192d696Fa32A709C007E2c14c6C8,0x3c499c542cEF5E3811e1192ce70d8cC03d5c3359,69075,1381,67694,0x6e106f08d5ba4eddb0a74cdbffbbdb878fd1663ce52214d1f0971c183dc936ca
137,0x1b50D0c4997B192d696Fa32A709C007E2c14c6C8,0xD6DF932A45C0f255f85145f286eA0b292B21C90B,475912350485514,9518247009710,466394103475804,0x6e106f08d5ba4eddb0a74cdbffbbdb878fd1663ce52214d1f0971c183dc936ca
137,0xd566F90C9E3102ec1eB031DF1Bc3F3f4AD7AA908,0x0d500B1d8E8eF31E21C99d1Db9A6444d3ADf1270,884258868074202229,17685177361484044,866573690712718185,0xb5db1d59484c5ddc7a846306f82d443841e593b722739dbfe7c1b1d515b71dac
137,0xd566F90C9E3102ec1eB031DF1Bc3F3f4AD7AA908,0x7ceB23fD6bC0adD59E62ac25578270cFf1b9f619,34763835686310,695276713726,34068558972584,0xb5db1d59484c5ddc7a846306f82d443841e593b722739dbfe7c1b1d515b71dac
137,0xd566F90C9E3102ec1eB031DF1Bc3F3f4AD7AA908,0x2791Bca1f2de4661ED88A30C99A7a9449Aa84174,6777,135,6642,0x4a2dc87256603c3aef9d869827b474084026d7981731613a9415c9996e16f059
137,0xd566F90C9E3102ec1eB031DF1Bc3F3f4AD7AA908,0xD6DF932A45C0f255f85145f286eA0b292B21C90B,0,0,0,0x4a2dc87256603c3aef9d869827b474084026d7981731613a9415c9996e16f059
137,0xd566F90C9E3102ec1eB031DF1Bc3F3f4AD7AA908,0x0d500B1d8E8eF31E21C99d1Db9A6444d3ADf1270,2074690186015472835,41493803720309457,2033196382295163378,0xb98e6612f597a71f49bee1f81af6c8b116bfc0dba36264c247252f4e21879df1
137,0xd566F90C9E3102ec1eB031DF1Bc3F3f4AD7AA908,0x7ceB23fD6bC0adD59E62ac25578270cFf1b9f619,188552830976441,3771056619528,184781774356913,0xb98e6612f597a71f49bee1f81af6c8b116bfc0dba36264c247252f4e21879df1
56,0xe403043A0F9C7B9F315Cf145166EB747D9790E77,0x25d887Ce7a35172C62FeBFD67a1856F20FaEbB00,132814307976100100985,2656286159522002074,130158021816578098911,0x8a085b10149202a2ce4a4a3862764b05470b3b99021008782f7727cacfb07ae0
56,0xe403043A0F9C7B9F315Cf145166EB747D9790E77,0xbb4CdB9CBd36B01bD1cBaEBF2De08d9173bc095c,5690531523310,113810630466,5576720892844,0x8a085b10149202a2ce4a4a3862764b05470b3b99021008782f7727cacfb07ae0
42161,0x7E21baB4809E7A98797721e919C0257C07751D2c,0x82aF49447D8a07e3bd95BD0d56f35241523fBab1,644527653354864,12890553067097,631637100287767,0x53ee4f4b0b5cda876dfd103c1518f49a355d1a6c3aebebdf657802986843e42e
42161,0x7E21baB4809E7A98797721e919C0257C07751D2c,0x93FA0B88C0C78e45980Fa74cdd87469311b7B3E4,471179761178524159,9423595223570483,461756165954953676,0x53ee4f4b0b5cda876dfd103c1518f49a355d1a6c3aebebdf657802986843e42e
42161,0x7E21baB4809E7A98797721e919C0257C07751D2c,0x82aF49447D8a07e3bd95BD0d56f35241523fBab1,482425772782351,9648515455647,472777257326704,0xdd121b77a71119bea7ef2ad3f7a6217ecde41f1740ce81af6ba8f23a6c1730e4
42161,0x7E21baB4809E7A98797721e919C0257C07751D2c,0x93FA0B88C0C78e45980Fa74cdd87469311b7B3E4,9557213398893023,191144267977860,9366069130915163,0xdd121b77a71119bea7ef2ad3f7a6217ecde41f1740ce81af6ba8f23a6c1730e4
42161,0xb6e7233Aa62F3198ecbc5EcEC3337Ef6d4c5Af0f,0xf97f4df75117a78c1A5a0DBb814Af92458539FB4,73489116461671889,1469782329233437,72019334132438452,0x4a825959296c9ec3b1dd9affaba97fc3333e546f6da82135c820c9dfacc27c4e
42161,0xb6e7233Aa62F3198ecbc5EcEC3337Ef6d4c5Af0f,0xFd086bC7CD5C481DCC9C85ebE478A1C0b69FCbb9,1119156,22383,1096773,0x4a825959296c9ec3b1dd9affaba97fc3333e546f6da82135c820c9dfacc27c4e
42161,0xbAAe7aD64f35521EC838B140A1539CF09905Db1A,0x2f2a2543B76A4166549F7aaB2e75Bef0aefC5B0f,2259,45,2214,0xa334d3b727314223a44f5b446525f5db05327fcd75e1509aa0e0cbaaa57e2a81
42161,0xbAAe7aD64f35521EC838B140A1539CF09905Db1A,0x82aF49447D8a07e3bd95BD0d56f35241523fBab1,683201524886049,13664030497720,669537494388329,0xa334d3b727314223a44f5b446525f5db05327fcd75e1509aa0e0cbaaa57e2a81
42161,0x43E3bBa2305e0a8881D1a341a185444Aa88087E1,0x82aF49447D8a07e3bd95BD0d56f35241523fBab1,1309144498986109,26182889979722,1282961609006387,0x27136b0439de6e97efe99e0d7bd12bdadcaf42928c48c97047f6550f1efc371a
42161,0x43E3bBa2305e0a8881D1a341a185444Aa88087E1,0x93FA0B88C0C78e45980Fa74cdd87469311b7B3E4,21253356875221643728,425067137504432883,20828289737717210845,0x27136b0439de6e97efe99e0d7bd12bdadcaf42928c48c97047f6550f1efc371a
42161,0x43E3bBa2305e0a8881D1a341a185444Aa88087E1,0x82aF49447D8a07e3bd95BD0d56f35241523fBab1,936297429433764,18725948588675,917571480845089,0x1000baf980a72503a7b81817bdcd17d065f61c4805710283203ce7123bf69d05
42161,0x43E3bBa2305e0a8881D1a341a185444Aa88087E1,0x93FA0B88C0C78e45980Fa74cdd87469311b7B3E4,1591290639477901677,31825812789558034,1559464826688343643,0x1000baf980a72503a7b81817bdcd17d065f61c4805710283203ce7123bf69d05
42161,0x43E3bBa2305e0a8881D1a341a185444Aa88087E1,0xf97f4df75117a78c1A5a0DBb814Af92458539FB4,198447450048775121,3968949000975502,194478501047799619,0x44a9449139189743a64c7a4b5f1a418556fe4c505e090e47f19d9acfde509fae
42161,0x43E3bBa2305e0a8881D1a341a185444Aa88087E1,0xFd086bC7CD5C481DCC9C85ebE478A1C0b69FCbb9,3712402,74248,3638154,0x44a9449139189743a64c7a4b5f1a418556fe4c505e090e47f19d9acfde509fae
42161,0xb6e7233Aa62F3198ecbc5EcEC3337Ef6d4c5Af0f,0xf97f4df75117a78c1A5a0DBb814Af92458539FB4,42449239422668339,848984788453366,41600254634214973,0xda9e7b63a35a5710885b3c59288a9b77fbdecde73804936e5a40af1b70f7093c
42161,0xb6e7233Aa62F3198ecbc5EcEC3337Ef6d4c5Af0f,0xFd086bC7CD5C481DCC9C85ebE478A1C0b69FCbb9,556120,11122,544998,0xda9e7b63a35a5710885b3c59288a9b77fbdecde73804936e5a40af1b70f7093c
42161,0x43E3bBa2305e0a8881D1a341a185444Aa88087E1,0xf97f4df75117a78c1A5a0DBb814Af92458539FB4,62556578099015395,1251131561980307,61305446537035088,0x7a20ed9cc510781261ba71e8e0a974389e213e8f566a969a9b27db45eab6d3bb
42161,0x43E3bBa2305e0a8881D1a341a185444Aa88087E1,0xFd086bC7CD5C481DCC9C85ebE478A1C0b69FCbb9,289675,5793,283882,0x7a20ed9cc510781261ba71e8e0a974389e213e8f566a969a9b27db45eab6d3bb
42161,0x43E3bBa2305e0a8881D1a341a185444Aa88087E1,0x11cDb42B0EB46D95f990BeDD4695A6e3fA034978,8587051042979134205,171741020859582687,8415310022119551518,0x088edc9778010108125b1e2e3b980acb683136a77e565018178d44684309429a
42161,0x43E3bBa2305e0a8881D1a341a185444Aa88087E1,0x82aF49447D8a07e3bd95BD0d56f35241523fBab1,2311707644662789,46234152893255,2265473491769534,0x088edc9778010108125b1e2e3b980acb683136a77e565018178d44684309429a
42161,0xFe7eD679DaB085efCD9F6ca5962badceE69c3d04,0x82aF49447D8a07e3bd95BD0d56f35241523fBab1,7451539831152763,149030796623055,7302509034529708,0x5760653c846e320a6731aae8c65d2d9db691a8390c8c0becb41976c92aed39d3
42161,0xFe7eD679DaB085efCD9F6ca5962badceE69c3d04,0xaf88d065e77c8cC2239327C5EDb3A432268e5831,23886146,477722,23408424,0x5760653c846e320a6731aae8c65d2d9db691a8390c8c0becb41976c92aed39d3
42161,0x1822946A4f1a625044d93a468DB6DB756d4f89Ff,0x25d887Ce7a35172C62FeBFD67a1856F20FaEbB00,17514251781483791318819,350285035629675833668,17163966745854115485151,0x332852e07ff2ec9223b7bc4ada0494c0f27d3a3af1af18423c3587ae2749ab16
42161,0x1822946A4f1a625044d93a468DB6DB756d4f89Ff,0x82aF49447D8a07e3bd95BD0d56f35241523fBab1,14120231235059,282404624701,13837826610358,0x332852e07ff2ec9223b7bc4ada0494c0f27d3a3af1af18423c3587ae2749ab16
42161,0xd86013dd31aA9fB2BD48Ab45d902F99adf9b8480,0x912CE59144191C1204E64559FE8253a0e49E6548,1587669618822801588,31753392376456032,1555916226446345556,0xb5543ffb3160b8bcf2210bbed7d715d57add9e53c4aa83945e7744044c707ec5
42161,0xd86013dd31aA9fB2BD48Ab45d902F99adf9b8480,0xFd086bC7CD5C481DCC9C85ebE478A1C0b69FCbb9,832352,16647,815705,0xb5543ffb3160b8bcf2210bbed7d715d57add9e53c4aa83945e7744044c707ec5
42161,0xC0891fb4f224d06Aeb2470Ac1D6E466cF3d033d1,0x0c880f6761F1af8d9Aa9C466984b80DAb9a8c9e8,879364364079601471,17587287281592029,861777076798009442,0x4c0063f16be1a3b27bded2dd04371920491789e8b1a9af3901dc358f5e1c1063
42161,0xC0891fb4f224d06Aeb2470Ac1D6E466cF3d033d1,0xFd086bC7CD5C481DCC9C85ebE478A1C0b69FCbb9,2881731,57634,2824097,0x4c0063f16be1a3b27bded2dd04371920491789e8b1a9af3901dc358f5e1c1063
42161,0xbAAe7aD64f35521EC838B140A1539CF09905Db1A,0x2f2a2543B76A4166549F7aaB2e75Bef0aefC5B0f,1648,32,1616,0x62cd17bf8ca951e9766596dcda8efc1c3930b9708f1324ddfeb867b6320892d1
42161,0xbAAe7aD64f35521EC838B140A1539CF09905Db1A,0x82aF49447D8a07e3bd95BD0d56f35241523fBab1,517889005777181,10357780115543,507531225661638,0x62cd17bf8ca951e9766596dcda8efc1c3930b9708f1324ddfeb867b6320892d1
42161,0x43E3bBa2305e0a8881D1a341a185444Aa88087E1,0x11cDb42B0EB46D95f990BeDD4695A6e3fA034978,1470169885205801476,29403397704116030,1440766487501685446,0xdfd26af9bc661d3a4c0b326c90e9a1e92c7d67cf5baaa8ebdfea959b576b9ed7
42161,0x43E3bBa2305e0a8881D1a341a185444Aa88087E1,0x82aF49447D8a07e3bd95BD0d56f35241523fBab1,602884611836151,12057692236723,590826919599428,0xdfd26af9bc661d3a4c0b326c90e9a1e92c7d67cf5baaa8ebdfea959b576b9ed7
42161,0xbAAe7aD64f35521EC838B140A1539CF09905Db1A,0x2f2a2543B76A4166549F7aaB2e75Bef0aefC5B0f,294,5,289,0x00bdc28f419791c2c764b46b5a431f1de870d1f2244417c3a3ae2d3183579b0f
42161,0xbAAe7aD64f35521EC838B140A1539CF09905Db1A,0x82aF49447D8a07e3bd95BD0d56f35241523fBab1,43985854065824,879717081316,43106136984508,0x00bdc28f419791c2c764b46b5a431f1de870d1f2244417c3a3ae2d3183579b0f
10,0xe403043A0F9C7B9F315Cf145166EB747D9790E77,0x4200000000000000000000000000000000000006,8073215793181,161464315863,7911751477318,0x0d2b66fbb153696a22a0233971012f83f0c01ee084840bacf4170f49d96c0259
10,0xe403043A0F9C7B9F315Cf145166EB747D9790E77,0x4200000000000000000000000000000000000042,15094400783025985,301888015660519,14792512767365466,0x0d2b66fbb153696a22a0233971012f83f0c01ee084840bacf4170f49d96c0259
10,0xe403043A0F9C7B9F315Cf145166EB747D9790E77,0x4200000000000000000000000000000000000006,51274542274,1025490845,50249051429,0xed88a38e13b2cce28675a6864461d96707b4adb57072dca89890d85187d2c125
10,0xe403043A0F9C7B9F315Cf145166EB747D9790E77,0x4200000000000000000000000000000000000042,772835497054263,15456709941085,757378787113178,0xed88a38e13b2cce28675a6864461d96707b4adb57072dca89890d85187d2c125
10,0xe403043A0F9C7B9F315Cf145166EB747D9790E77,0x4200000000000000000000000000000000000006,3578744789783,71574895795,3507169893988,0xebb04869ecf4ebbb303e38f8c2723108d5f41e9f15ec072851410b20645807f6
10,0xe403043A0F9C7B9F315Cf145166EB747D9790E77,0x4200000000000000000000000000000000000042,4900495311304069,98009906226081,4802485405077988,0xebb04869ecf4ebbb303e38f8c2723108d5f41e9f15ec072851410b20645807f6
10,0xe403043A0F9C7B9F315Cf145166EB747D9790E77,0x4200000000000000000000000000000000000006,3551515307641,71030306152,3480485001489,0x0df3681d1e6b7ae105da6e929fa88b464a0aee1f233ae117ad3fbc6990b11e53
10,0xe403043A0F9C7B9F315Cf145166EB747D9790E77,0x4200000000000000000000000000000000000042,9377911132168629,187558222643372,9190352909525257,0x0df3681d1e6b7ae105da6e929fa88b464a0aee1f233ae117ad3fbc6990b11e53
10,0xe403043A0F9C7B9F315Cf145166EB747D9790E77,0x4200000000000000000000000000000000000006,4210165337641,84203306752,4125962030889,0x3e08fd2e6038de970090a12d22434f81e72cc90c6c7e2506ce563f57fa71bb79
10,0xe403043A0F9C7B9F315Cf145166EB747D9790E77,0x4200000000000000000000000000000000000042,10562739097373172,211254781947463,10351484315425709,0x3e08fd2e6038de970090a12d22434f81e72cc90c6c7e2506ce563f57fa71bb79
10,0xe403043A0F9C7B9F315Cf145166EB747D9790E77,0x4200000000000000000000000000000000000006,2202144465803,44042889316,2158101576487,0xbe509734320f85e416928c22bda1005dac138314b5a74e602ba0b791567536c9
10,0xe403043A0F9C7B9F315Cf145166EB747D9790E77,0x4200000000000000000000000000000000000042,1279579534597180,25591590691943,1253987943905237,0xbe509734320f85e416928c22bda1005dac138314b5a74e602ba0b791567536c9
10,0xe403043A0F9C7B9F315Cf145166EB747D9790E77,0x4200000000000000000000000000000000000006,114712878524,2294257570,112418620954,0x1922abe83d49bfcbba31fc142c36b1ec187cf96ace066e959aa57a23b12175d6
10,0xe403043A0F9C7B9F315Cf145166EB747D9790E77,0x4200000000000000000000000000000000000042,1918995386369556,38379907727391,1880615478642165,0x1922abe83d49bfcbba31fc142c36b1ec187cf96ace066e959aa57a23b12175d6
10,0xe403043A0F9C7B9F315Cf145166EB747D9790E77,0x4200000000000000000000000000000000000006,133497770497,2669955409,130827815088,0xaae80c9a226c7a9812d6ea57b430c8f78d0a4ae0bccf9ca239739d6d426e682d
10,0xe403043A0F9C7B9F315Cf145166EB747D9790E77,0x4200000000000000000000000000000000000042,0,0,0,0xaae80c9a226c7a9812d6ea57b430c8f78d0a4ae0bccf9ca239739d6d426e682d
10,0xe403043A0F9C7B9F315Cf145166EB747D9790E77,0x4200000000000000000000000000000000000006,1412505,28250,1384255,0x9a6080885725cda29dd46dc154d7a82541ce8cc993f4690668075aa3a618d566
10,0xe403043A0F9C7B9F315Cf145166EB747D9790E77,0x4200000000000000000000000000000000000042,191631904307740,3832638086154,187799266221586,0x9a6080885725cda29dd46dc154d7a82541ce8cc993f4690668075aa3a618d566
10,0xe403043A0F9C7B9F315Cf145166EB747D9790E77,0x4200000000000000000000000000000000000006,179647672230,3592953444,176054718786,0x56a79c151cae3b401dcd072a5f77242f92a607f9a3636f8e1f1693f57bc27d87
10,0xe403043A0F9C7B9F315Cf145166EB747D9790E77,0x4200000000000000000000000000000000000042,83917531558765,1678350631175,82239180927590,0x56a79c151cae3b401dcd072a5f77242f92a607f9a3636f8e1f1693f57bc27d87
10,0xe403043A0F9C7B9F315Cf145166EB747D9790E77,0x4200000000000000000000000000000000000006,38071176483,761423529,37309752954,0xf158e900013fd5ae7633e1b4d4c888cb4f7887df88c9f9517a4481c871c21add
10,0xe403043A0F9C7B9F315Cf145166EB747D9790E77,0x4200000000000000000000000000000000000042,210742686643917,4214853732878,206527832911039,0xf158e900013fd5ae7633e1b4d4c888cb4f7887df88c9f9517a4481c871c21add
10,0xe403043A0F9C7B9F315Cf145166EB747D9790E77,0x4200000000000000000000000000000000000006,57572006802,1151440136,56420566666,0xc883ccb0aee98d264c5297b22c926a3bfa2d9092dd4bc744856102c8e0b03849
10,0xe403043A0F9C7B9F315Cf145166EB747D9790E77,0x4200000000000000000000000000000000000042,869143985912508,17382879718250,851761106194258,0xc883ccb0aee98d264c5297b22c926a3bfa2d9092dd4bc744856102c8e0b03849
10,0xe403043A0F9C7B9F315Cf145166EB747D9790E77,0x4200000000000000000000000000000000000006,0,0,0,0x3a619a6164910dc09c3b866626e46621a94b9ecfbb72711be4ad5f491143a4da
10,0xe403043A0F9C7B9F315Cf145166EB747D9790E77,0x4200000000000000000000000000000000000042,372639637063522,7452792741270,365186844322252,0x3a619a6164910dc09c3b866626e46621a94b9ecfbb72711be4ad5f491143a4da
10,0xe403043A0F9C7B9F315Cf145166EB747D9790E77,0x4200000000000000000000000000000000000006,143857581357,2877151627,140980429730,0xdd69a3568e89e59557ab5006721848bf9daf731b5d5e5878600f43b6d1421701
10,0xe403043A0F9C7B9F315Cf145166EB747D9790E77,0x4200000000000000000000000000000000000042,5665656233,113313124,5552343109,0xdd69a3568e89e59557ab5006721848bf9daf731b5d5e5878600f43b6d1421701
10,0xe403043A0F9C7B9F315Cf145166EB747D9790E77,0x4200000000000000000000000000000000000006,1877715811,37554316,1840161495,0x81281ab97c27b98f13c5e282c520f3305676cf1f0a0b9b1fdf09cfdf473fb6e9
10,0xe403043A0F9C7B9F315Cf145166EB747D9790E77,0x4200000000000000000000000000000000000042,172362719315184,3447254386303,168915464928881,0x81281ab97c27b98f13c5e282c520f3305676cf1f0a0b9b1fdf09cfdf473fb6e9
10,0xe403043A0F9C7B9F315Cf145166EB747D9790E77,0x4200000000000000000000000000000000000006,164256220043,3285124400,160971095643,0xd4001946c2f19e029d5539a848dce6d685e78e3ee39047080af8e3d89cf0396f
10,0xe403043A0F9C7B9F315Cf145166EB747D9790E77,0x4200000000000000000000000000000000000042,107542446453570,2150848929071,105391597524499,0xd4001946c2f19e029d5539a848dce6d685e78e3ee39047080af8e3d89cf0396f
10,0xe403043A0F9C7B9F315Cf145166EB747D9790E77,0x4200000000000000000000000000000000000006,154113471981,3082269439,151031202542,0x04e582ab811c5207ece4f3e4e03624f686acf2867bb8a485cfea1c9e2aea3717
10,0xe403043A0F9C7B9F315Cf145166EB747D9790E77,0x4200000000000000000000000000000000000042,0,0,0,0x04e582ab811c5207ece4f3e4e03624f686acf2867bb8a485cfea1c9e2aea3717
10,0xe403043A0F9C7B9F315Cf145166EB747D9790E77,0x4200000000000000000000000000000000000006,5831670565238,116633411304,5715037153934,0xb35b1cf1d562a4886ead9d678f4c0d1d56354d2ac85c5337778959af314b0524
10,0xe403043A0F9C7B9F315Cf145166EB747D9790E77,0x4200000000000000000000000000000000000042,15622627863539128,312452557270782,15310175306268346,0xb35b1cf1d562a4886ead9d678f4c0d1d56354d2ac85c5337778959af314b0524
10,0xe403043A0F9C7B9F315Cf145166EB747D9790E77,0x4200000000000000000000000000000000000006,3448545727248,68970914544,3379574812704,0x0d67b5124a7b7dc376f74b9269fe703722b1d0ba7a19155ed959c0c1e8ea8ee5
10,0xe403043A0F9C7B9F315Cf145166EB747D9790E77,0x4200000000000000000000000000000000000042,3880657160529843,77613143210596,3803044017319247,0x0d67b5124a7b7dc376f74b9269fe703722b1d0ba7a19155ed959c0c1e8ea8ee5
10,0xe403043A0F9C7B9F315Cf145166EB747D9790E77,0x4200000000000000000000000000000000000006,4386602003111,87732040062,4298869963049,0x2830090603f7264fd94bf4b022774e0e7607d90d9915f0c1465f4db3bb19a578
10,0xe403043A0F9C7B9F315Cf145166EB747D9790E77,0x4200000000000000000000000000000000000042,10110884311476641,202217686229532,9908666625247109,0x2830090603f7264fd94bf4b022774e0e7607d90d9915f0c1465f4db3bb19a578
10,0xe403043A0F9C7B9F315Cf145166EB747D9790E77,0x4200000000000000000000000000000000000006,7480249896601,149604997932,7330644898669,0x8caa9ae96f8969a8a2a06e0b2617191b60e1b453a554ed90b1951364067ca899
10,0xe403043A0F9C7B9F315Cf145166EB747D9790E77,0x4200000000000000000000000000000000000042,16862303391810255,337246067836205,16525057323974050,0x8caa9ae96f8969a8a2a06e0b2617191b60e1b453a554ed90b1951364067ca899
10,0xe403043A0F9C7B9F315Cf145166EB747D9790E77,0x4200000000000000000000000000000000000006,1657137493222,33142749864,1623994743358,0xbb999298cf400932964cf263459968dfbf41fbc2f39478459c2ad2eb84cf8dd3
10,0xe403043A0F9C7B9F315Cf145166EB747D9790E77,0x4200000000000000000000000000000000000042,5494095962755703,109881919255114,5384214043500589,0xbb999298cf400932964cf263459968dfbf41fbc2f39478459c2ad2eb84cf8dd3
10,0xe403043A0F9C7B9F315Cf145166EB747D9790E77,0x4200000000000000000000000000000000000006,10262664163994,205253283279,10057410880715,0x6375f238a3aa2d08750de841f1ab54d54176211fb138ce18c31eb9180dd6141f
10,0xe403043A0F9C7B9F315Cf145166EB747D9790E77,0x4200000000000000000000000000000000000042,16973573296051614,339471465921032,16634101830130582,0x6375f238a3aa2d08750de841f1ab54d54176211fb138ce18c31eb9180dd6141f
10,0xe403043A0F9C7B9F315Cf145166EB747D9790E77,0x4200000000000000000000000000000000000006,2730242273367,54604845467,2675637427900,0x84f21f7092d35f94cd034e3f6c08ee70f3f195c6814c225a2928725be1879413
10,0xe403043A0F9C7B9F315Cf145166EB747D9790E77,0x4200000000000000000000000000000000000042,2747948729229287,54958974584585,2692989754644702,0x84f21f7092d35f94cd034e3f6c08ee70f3f195c6814c225a2928725be1879413
10,0xe403043A0F9C7B9F315Cf145166EB747D9790E77,0x4200000000000000000000000000000000000006,1583836133838,31676722676,1552159411162,0x7fd08a51cff9ef867edccbd92d56a11a294d2d148199dde32a2f7da10fc70243
10,0xe403043A0F9C7B9F315Cf145166EB747D9790E77,0x4200000000000000000000000000000000000042,506096473125491,10121929462509,495974543662982,0x7fd08a51cff9ef867edccbd92d56a11a294d2d148199dde32a2f7da10fc70243
10,0xe403043A0F9C7B9F315Cf145166EB747D9790E77,0x4200000000000000000000000000000000000006,111920053590,2238401071,109681652519,0xbb65f1c1200a846ad469a7cb2165c5e08d50286fc7f797350e5a60e4ba6c5227
10,0xe403043A0F9C7B9F315Cf145166EB747D9790E77,0x4200000000000000000000000000000000000042,2431467206309580,48629344126191,2382837862183389,0xbb65f1c1200a846ad469a7cb2165c5e08d50286fc7f797350e5a60e4ba6c5227
10,0xe403043A0F9C7B9F315Cf145166EB747D9790E77,0x4200000000000000000000000000000000000006,8208828202,164176564,8044651638,0x2f024bfd5d833cdcdaf9c634871c779e1bdfd42570331c1b991c6b74390b9cd1
10,0xe403043A0F9C7B9F315Cf145166EB747D9790E77,0x4200000000000000000000000000000000000042,2268465769824771,45369315396495,2223096454428276,0x2f024bfd5d833cdcdaf9c634871c779e1bdfd42570331c1b991c6b74390b9cd1
10,0xe403043A0F9C7B9F315Cf145166EB747D9790E77,0x4200000000000000000000000000000000000006,52330154050,1046603081,51283550969,0xdf9adadbb3fe9760a7a1ed30c96abf5499216a0db28131079d6a5435e5b556bb
10,0xe403043A0F9C7B9F315Cf145166EB747D9790E77,0x4200000000000000000000000000000000000042,2388064763812056,47761295276241,2340303468535815,0xdf9adadbb3fe9760a7a1ed30c96abf5499216a0db28131079d6a5435e5b556bb
10,0x6f399f282214905E58F9975CeaaBA40300B7f1dE,0x0b2C639c533813f4Aa9D7837CAf62653d097Ff85,49454249,989084,48465165,0x885aa61f281a043778fde46bb15b97dff847f138c89c2709f3f1ac7324b60dfa
10,0x6f399f282214905E58F9975CeaaBA40300B7f1dE,0xdC6fF44d5d932Cbd77B52E5612Ba0529DC6226F1,21220889939876955344,424417798797539115,20796472141079416229,0x885aa61f281a043778fde46bb15b97dff847f138c89c2709f3f1ac7324b60dfa
10,0x6f399f282214905E58F9975CeaaBA40300B7f1dE,0x0b2C639c533813f4Aa9D7837CAf62653d097Ff85,4626004,92520,4533484,0x6a567e075ee48d26610dc90172ad315801a1b35eb6fef61923cc36af2cf4c449
10,0x6f399f282214905E58F9975CeaaBA40300B7f1dE,0xdC6fF44d5d932Cbd77B52E5612Ba0529DC6226F1,2920145575161274445,58402911503225490,2861742663658048955,0x6a567e075ee48d26610dc90172ad315801a1b35eb6fef61923cc36af2cf4c449
10,0x6f399f282214905E58F9975CeaaBA40300B7f1dE,0x0b2C639c533813f4Aa9D7837CAf62653d097Ff85,1395075,27901,1367174,0x9e1858d0ad8b14d2f3967733379b3098b176d861c7d64593af5aee25fd49c9f4
10,0x6f399f282214905E58F9975CeaaBA40300B7f1dE,0xdC6fF44d5d932Cbd77B52E5612Ba0529DC6226F1,1778414921225435990,35568298424508720,1742846622800927270,0x9e1858d0ad8b14d2f3967733379b3098b176d861c7d64593af5aee25fd49c9f4
10,0xBb18ed77983c6ca915f6F0fe39963e185BF1064f,0x0b2C639c533813f4Aa9D7837CAf62653d097Ff85,1772033,35440,1736593,0x3a5180bdd08ba5f3e5f32c1ade62dad13d882eeebf54ffe11aeee5eced8d2367
10,0xBb18ed77983c6ca915f6F0fe39963e185BF1064f,0x4200000000000000000000000000000000000042,1042672481159999609,20853449623199992,1021819031536799617,0x3a5180bdd08ba5f3e5f32c1ade62dad13d882eeebf54ffe11aeee5eced8d2367
10,0x706864B606113A3ACf982ba17eD9913Ff93A45b6,0x4200000000000000000000000000000000000006,243658635087740,4873172701754,238785462385986,0xcb2cf5a13d0a7afe86cd927a7e635ab03ef4b9563f376d7443b62bd74c08f463
10,0x706864B606113A3ACf982ba17eD9913Ff93A45b6,0x7F5c764cBc14f9669B88837ca1490cCa17c31607,1100718,22014,1078704,0xcb2cf5a13d0a7afe86cd927a7e635ab03ef4b9563f376d7443b62bd74c08f463
10,0x384F98f6b14EA6A8140c5Fb4Ade822F75a682bd7,0x4200000000000000000000000000000000000006,20106385076115,402127701522,19704257374593,0xc1b8857f37b7af0ad82cb3216e57c3b37221001775ec82b1f0581a78a02c3106
10,0x384F98f6b14EA6A8140c5Fb4Ade822F75a682bd7,0x68f180fcCe6836688e9084f035309E29Bf0A2095,29,0,29,0xc1b8857f37b7af0ad82cb3216e57c3b37221001775ec82b1f0581a78a02c3106
10,0x384F98f6b14EA6A8140c5Fb4Ade822F75a682bd7,0x4200000000000000000000000000000000000006,133769317065998,2675386341319,131093930724679,0x0247a51a7f8552097a4ec9077ae9d05e6ba03c26bf13477bfb288bc00f7bdb3d
10,0x384F98f6b14EA6A8140c5Fb4Ade822F75a682bd7,0x68f180fcCe6836688e9084f035309E29Bf0A2095,614,12,602,0x0247a51a7f8552097a4ec9077ae9d05e6ba03c26bf13477bfb288bc00f7bdb3d
10,0xBb18ed77983c6ca915f6F0fe39963e185BF1064f,0x0b2C639c533813f4Aa9D7837CAf62653d097Ff85,644030,12880,631150,0x9279352830fe69d2ac04ddfc1dffebddea86c6b57929e21eaabf5133d4c88bae
10,0xBb18ed77983c6ca915f6F0fe39963e185BF1064f,0x4200000000000000000000000000000000000042,321902834351742864,6438056687034857,315464777664708007,0x9279352830fe69d2ac04ddfc1dffebddea86c6b57929e21eaabf5133d4c88bae
10,0xBb18ed77983c6ca915f6F0fe39963e185BF1064f,0x0b2C639c533813f4Aa9D7837CAf62653d097Ff85,71833,1436,70397,0x439119cbf1680c308428da82cc4f10446d0b98bec835e67a9a2a2ee2dacea1ba
10,0xBb18ed77983c6ca915f6F0fe39963e185BF1064f,0x4200000000000000000000000000000000000042,228047532317593,4560950646351,223486581671242,0x439119cbf1680c308428da82cc4f10446d0b98bec835e67a9a2a2ee2dacea1ba
10,0xBb18ed77983c6ca915f6F0fe39963e185BF1064f,0x0b2C639c533813f4Aa9D7837CAf62653d097Ff85,186332,3726,182606,0x03fd0ba86f67ee027736ac3ee09f640c0cdd96541600db868a30894b0bb0bca2
10,0xBb18ed77983c6ca915f6F0fe39963e185BF1064f,0x4200000000000000000000000000000000000042,61495412609501168,1229908252190023,60265504357311145,0x03fd0ba86f67ee027736ac3ee09f640c0cdd96541600db868a30894b0bb0bca2
